case,attempt,expected,exit_code,decision_correct,state_correct,pre_device,pre_inode,post_device,post_inode,pre_hash,post_hash,hardlink_device,hardlink_inode,hardlink_type,audit_evidence
direct_write,1,deny,13,1,1,37,196411,37,196411,07896363bde86b5a79b130c80fb974e408aa8f79c75ec314d9be03c2f9f591af,07896363bde86b5a79b130c80fb974e408aa8f79c75ec314d9be03c2f9f591af,37,196411,sentinelpath_protected_t,bounded_avc_log
direct_write,2,deny,13,1,1,37,196425,37,196425,07896363bde86b5a79b130c80fb974e408aa8f79c75ec314d9be03c2f9f591af,07896363bde86b5a79b130c80fb974e408aa8f79c75ec314d9be03c2f9f591af,37,196425,sentinelpath_protected_t,bounded_avc_log
direct_write,3,deny,13,1,1,37,196439,37,196439,07896363bde86b5a79b130c80fb974e408aa8f79c75ec314d9be03c2f9f591af,07896363bde86b5a79b130c80fb974e408aa8f79c75ec314d9be03c2f9f591af,37,196439,sentinelpath_protected_t,bounded_avc_log
direct_write,4,deny,13,1,1,37,196453,37,196453,07896363bde86b5a79b130c80fb974e408aa8f79c75ec314d9be03c2f9f591af,07896363bde86b5a79b130c80fb974e408aa8f79c75ec314d9be03c2f9f591af,37,196453,sentinelpath_protected_t,bounded_avc_log
direct_write,5,deny,13,1,1,37,196469,37,196469,07896363bde86b5a79b130c80fb974e408aa8f79c75ec314d9be03c2f9f591af,07896363bde86b5a79b130c80fb974e408aa8f79c75ec314d9be03c2f9f591af,37,196469,sentinelpath_protected_t,bounded_avc_log
direct_write,6,deny,13,1,1,37,196481,37,196481,07896363bde86b5a79b130c80fb974e408aa8f79c75ec314d9be03c2f9f591af,07896363bde86b5a79b130c80fb974e408aa8f79c75ec314d9be03c2f9f591af,37,196481,sentinelpath_protected_t,bounded_avc_log
direct_write,7,deny,13,1,1,37,196495,37,196495,07896363bde86b5a79b130c80fb974e408aa8f79c75ec314d9be03c2f9f591af,07896363bde86b5a79b130c80fb974e408aa8f79c75ec314d9be03c2f9f591af,37,196495,sentinelpath_protected_t,bounded_avc_log
direct_write,8,deny,13,1,1,37,196509,37,196509,07896363bde86b5a79b130c80fb974e408aa8f79c75ec314d9be03c2f9f591af,07896363bde86b5a79b130c80fb974e408aa8f79c75ec314d9be03c2f9f591af,37,196509,sentinelpath_protected_t,bounded_avc_log
direct_write,9,deny,13,1,1,37,196525,37,196525,07896363bde86b5a79b130c80fb974e408aa8f79c75ec314d9be03c2f9f591af,07896363bde86b5a79b130c80fb974e408aa8f79c75ec314d9be03c2f9f591af,37,196525,sentinelpath_protected_t,bounded_avc_log
direct_write,10,deny,13,1,1,37,196537,37,196537,07896363bde86b5a79b130c80fb974e408aa8f79c75ec314d9be03c2f9f591af,07896363bde86b5a79b130c80fb974e408aa8f79c75ec314d9be03c2f9f591af,37,196537,sentinelpath_protected_t,bounded_avc_log
direct_write,11,deny,13,1,1,37,196551,37,196551,07896363bde86b5a79b130c80fb974e408aa8f79c75ec314d9be03c2f9f591af,07896363bde86b5a79b130c80fb974e408aa8f79c75ec314d9be03c2f9f591af,37,196551,sentinelpath_protected_t,bounded_avc_log
direct_write,12,deny,13,1,1,37,196566,37,196566,07896363bde86b5a79b130c80fb974e408aa8f79c75ec314d9be03c2f9f591af,07896363bde86b5a79b130c80fb974e408aa8f79c75ec314d9be03c2f9f591af,37,196566,sentinelpath_protected_t,bounded_avc_log
direct_write,13,deny,13,1,1,37,196581,37,196581,07896363bde86b5a79b130c80fb974e408aa8f79c75ec314d9be03c2f9f591af,07896363bde86b5a79b130c80fb974e408aa8f79c75ec314d9be03c2f9f591af,37,196581,sentinelpath_protected_t,bounded_avc_log
direct_write,14,deny,13,1,1,37,196595,37,196595,07896363bde86b5a79b130c80fb974e408aa8f79c75ec314d9be03c2f9f591af,07896363bde86b5a79b130c80fb974e408aa8f79c75ec314d9be03c2f9f591af,37,196595,sentinelpath_protected_t,bounded_avc_log
direct_write,15,deny,13,1,1,37,196609,37,196609,07896363bde86b5a79b130c80fb974e408aa8f79c75ec314d9be03c2f9f591af,07896363bde86b5a79b130c80fb974e408aa8f79c75ec314d9be03c2f9f591af,37,196609,sentinelpath_protected_t,bounded_avc_log
direct_write,16,deny,13,1,1,37,196624,37,196624,07896363bde86b5a79b130c80fb974e408aa8f79c75ec314d9be03c2f9f591af,07896363bde86b5a79b130c80fb974e408aa8f79c75ec314d9be03c2f9f591af,37,196624,sentinelpath_protected_t,bounded_avc_log
direct_write,17,deny,13,1,1,37,196634,37,196634,07896363bde86b5a79b130c80fb974e408aa8f79c75ec314d9be03c2f9f591af,07896363bde86b5a79b130c80fb974e408aa8f79c75ec314d9be03c2f9f591af,37,196634,sentinelpath_protected_t,bounded_avc_log
direct_write,18,deny,13,1,1,37,196650,37,196650,07896363bde86b5a79b130c80fb974e408aa8f79c75ec314d9be03c2f9f591af,07896363bde86b5a79b130c80fb974e408aa8f79c75ec314d9be03c2f9f591af,37,196650,sentinelpath_protected_t,bounded_avc_log
direct_write,19,deny,13,1,1,37,196663,37,196663,07896363bde86b5a79b130c80fb974e408aa8f79c75ec314d9be03c2f9f591af,07896363bde86b5a79b130c80fb974e408aa8f79c75ec314d9be03c2f9f591af,37,196663,sentinelpath_protected_t,bounded_avc_log
direct_write,20,deny,13,1,1,37,196678,37,196678,07896363bde86b5a79b130c80fb974e408aa8f79c75ec314d9be03c2f9f591af,07896363bde86b5a79b130c80fb974e408aa8f79c75ec314d9be03c2f9f591af,37,196678,sentinelpath_protected_t,bounded_avc_log
direct_write,21,deny,13,1,1,37,196693,37,196693,07896363bde86b5a79b130c80fb974e408aa8f79c75ec314d9be03c2f9f591af,07896363bde86b5a79b130c80fb974e408aa8f79c75ec314d9be03c2f9f591af,37,196693,sentinelpath_protected_t,bounded_avc_log
direct_write,22,deny,13,1,1,37,196708,37,196708,07896363bde86b5a79b130c80fb974e408aa8f79c75ec314d9be03c2f9f591af,07896363bde86b5a79b130c80fb974e408aa8f79c75ec314d9be03c2f9f591af,37,196708,sentinelpath_protected_t,bounded_avc_log
direct_write,23,deny,13,1,1,37,196722,37,196722,07896363bde86b5a79b130c80fb974e408aa8f79c75ec314d9be03c2f9f591af,07896363bde86b5a79b130c80fb974e408aa8f79c75ec314d9be03c2f9f591af,37,196722,sentinelpath_protected_t,bounded_avc_log
direct_write,24,deny,13,1,1,37,196736,37,196736,07896363bde86b5a79b130c80fb974e408aa8f79c75ec314d9be03c2f9f591af,07896363bde86b5a79b130c80fb974e408aa8f79c75ec314d9be03c2f9f591af,37,196736,sentinelpath_protected_t,bounded_avc_log
direct_write,25,deny,13,1,1,37,196750,37,196750,07896363bde86b5a79b130c80fb974e408aa8f79c75ec314d9be03c2f9f591af,07896363bde86b5a79b130c80fb974e408aa8f79c75ec314d9be03c2f9f591af,37,196750,sentinelpath_protected_t,bounded_avc_log
direct_write,26,deny,13,1,1,37,196763,37,196763,07896363bde86b5a79b130c80fb974e408aa8f79c75ec314d9be03c2f9f591af,07896363bde86b5a79b130c80fb974e408aa8f79c75ec314d9be03c2f9f591af,37,196763,sentinelpath_protected_t,bounded_avc_log
direct_write,27,deny,13,1,1,37,196778,37,196778,07896363bde86b5a79b130c80fb974e408aa8f79c75ec314d9be03c2f9f591af,07896363bde86b5a79b130c80fb974e408aa8f79c75ec314d9be03c2f9f591af,37,196778,sentinelpath_protected_t,bounded_avc_log
direct_write,28,deny,13,1,1,37,196793,37,196793,07896363bde86b5a79b130c80fb974e408aa8f79c75ec314d9be03c2f9f591af,07896363bde86b5a79b130c80fb974e408aa8f79c75ec314d9be03c2f9f591af,37,196793,sentinelpath_protected_t,bounded_avc_log
direct_write,29,deny,13,1,1,37,196807,37,196807,07896363bde86b5a79b130c80fb974e408aa8f79c75ec314d9be03c2f9f591af,07896363bde86b5a79b130c80fb974e408aa8f79c75ec314d9be03c2f9f591af,37,196807,sentinelpath_protected_t,bounded_avc_log
direct_write,30,deny,13,1,1,37,196819,37,196819,07896363bde86b5a79b130c80fb974e408aa8f79c75ec314d9be03c2f9f591af,07896363bde86b5a79b130c80fb974e408aa8f79c75ec314d9be03c2f9f591af,37,196819,sentinelpath_protected_t,bounded_avc_log
direct_write,31,deny,13,1,1,37,196835,37,196835,07896363bde86b5a79b130c80fb974e408aa8f79c75ec314d9be03c2f9f591af,07896363bde86b5a79b130c80fb974e408aa8f79c75ec314d9be03c2f9f591af,37,196835,sentinelpath_protected_t,bounded_avc_log
direct_write,32,deny,13,1,1,37,196848,37,196848,07896363bde86b5a79b130c80fb974e408aa8f79c75ec314d9be03c2f9f591af,07896363bde86b5a79b130c80fb974e408aa8f79c75ec314d9be03c2f9f591af,37,196848,sentinelpath_protected_t,bounded_avc_log
direct_write,33,deny,13,1,1,37,196861,37,196861,07896363bde86b5a79b130c80fb974e408aa8f79c75ec314d9be03c2f9f591af,07896363bde86b5a79b130c80fb974e408aa8f79c75ec314d9be03c2f9f591af,37,196861,sentinelpath_protected_t,bounded_avc_log
direct_write,34,deny,13,1,1,37,196877,37,196877,07896363bde86b5a79b130c80fb974e408aa8f79c75ec314d9be03c2f9f591af,07896363bde86b5a79b130c80fb974e408aa8f79c75ec314d9be03c2f9f591af,37,196877,sentinelpath_protected_t,bounded_avc_log
direct_write,35,deny,13,1,1,37,196891,37,196891,07896363bde86b5a79b130c80fb974e408aa8f79c75ec314d9be03c2f9f591af,07896363bde86b5a79b130c80fb974e408aa8f79c75ec314d9be03c2f9f591af,37,196891,sentinelpath_protected_t,bounded_avc_log
direct_write,36,deny,13,1,1,37,196904,37,196904,07896363bde86b5a79b130c80fb974e408aa8f79c75ec314d9be03c2f9f591af,07896363bde86b5a79b130c80fb974e408aa8f79c75ec314d9be03c2f9f591af,37,196904,sentinelpath_protected_t,bounded_avc_log
direct_write,37,deny,13,1,1,37,196918,37,196918,07896363bde86b5a79b130c80fb974e408aa8f79c75ec314d9be03c2f9f591af,07896363bde86b5a79b130c80fb974e408aa8f79c75ec314d9be03c2f9f591af,37,196918,sentinelpath_protected_t,bounded_avc_log
direct_write,38,deny,13,1,1,37,196933,37,196933,07896363bde86b5a79b130c80fb974e408aa8f79c75ec314d9be03c2f9f591af,07896363bde86b5a79b130c80fb974e408aa8f79c75ec314d9be03c2f9f591af,37,196933,sentinelpath_protected_t,bounded_avc_log
direct_write,39,deny,13,1,1,37,196946,37,196946,07896363bde86b5a79b130c80fb974e408aa8f79c75ec314d9be03c2f9f591af,07896363bde86b5a79b130c80fb974e408aa8f79c75ec314d9be03c2f9f591af,37,196946,sentinelpath_protected_t,bounded_avc_log
direct_write,40,deny,13,1,1,37,196962,37,196962,07896363bde86b5a79b130c80fb974e408aa8f79c75ec314d9be03c2f9f591af,07896363bde86b5a79b130c80fb974e408aa8f79c75ec314d9be03c2f9f591af,37,196962,sentinelpath_protected_t,bounded_avc_log
direct_write,41,deny,13,1,1,37,196975,37,196975,07896363bde86b5a79b130c80fb974e408aa8f79c75ec314d9be03c2f9f591af,07896363bde86b5a79b130c80fb974e408aa8f79c75ec314d9be03c2f9f591af,37,196975,sentinelpath_protected_t,bounded_avc_log
direct_write,42,deny,13,1,1,37,196989,37,196989,07896363bde86b5a79b130c80fb974e408aa8f79c75ec314d9be03c2f9f591af,07896363bde86b5a79b130c80fb974e408aa8f79c75ec314d9be03c2f9f591af,37,196989,sentinelpath_protected_t,bounded_avc_log
direct_write,43,deny,13,1,1,37,197004,37,197004,07896363bde86b5a79b130c80fb974e408aa8f79c75ec314d9be03c2f9f591af,07896363bde86b5a79b130c80fb974e408aa8f79c75ec314d9be03c2f9f591af,37,197004,sentinelpath_protected_t,bounded_avc_log
direct_write,44,deny,13,1,1,37,197017,37,197017,07896363bde86b5a79b130c80fb974e408aa8f79c75ec314d9be03c2f9f591af,07896363bde86b5a79b130c80fb974e408aa8f79c75ec314d9be03c2f9f591af,37,197017,sentinelpath_protected_t,bounded_avc_log
direct_write,45,deny,13,1,1,37,197031,37,197031,07896363bde86b5a79b130c80fb974e408aa8f79c75ec314d9be03c2f9f591af,07896363bde86b5a79b130c80fb974e408aa8f79c75ec314d9be03c2f9f591af,37,197031,sentinelpath_protected_t,bounded_avc_log
direct_write,46,deny,13,1,1,37,197047,37,197047,07896363bde86b5a79b130c80fb974e408aa8f79c75ec314d9be03c2f9f591af,07896363bde86b5a79b130c80fb974e408aa8f79c75ec314d9be03c2f9f591af,37,197047,sentinelpath_protected_t,bounded_avc_log
direct_write,47,deny,13,1,1,37,197060,37,197060,07896363bde86b5a79b130c80fb974e408aa8f79c75ec314d9be03c2f9f591af,07896363bde86b5a79b130c80fb974e408aa8f79c75ec314d9be03c2f9f591af,37,197060,sentinelpath_protected_t,bounded_avc_log
direct_write,48,deny,13,1,1,37,197075,37,197075,07896363bde86b5a79b130c80fb974e408aa8f79c75ec314d9be03c2f9f591af,07896363bde86b5a79b130c80fb974e408aa8f79c75ec314d9be03c2f9f591af,37,197075,sentinelpath_protected_t,bounded_avc_log
direct_write,49,deny,13,1,1,37,197089,37,197089,07896363bde86b5a79b130c80fb974e408aa8f79c75ec314d9be03c2f9f591af,07896363bde86b5a79b130c80fb974e408aa8f79c75ec314d9be03c2f9f591af,37,197089,sentinelpath_protected_t,bounded_avc_log
direct_write,50,deny,13,1,1,37,197101,37,197101,07896363bde86b5a79b130c80fb974e408aa8f79c75ec314d9be03c2f9f591af,07896363bde86b5a79b130c80fb974e408aa8f79c75ec314d9be03c2f9f591af,37,197101,sentinelpath_protected_t,bounded_avc_log
direct_write,51,deny,13,1,1,37,197117,37,197117,07896363bde86b5a79b130c80fb974e408aa8f79c75ec314d9be03c2f9f591af,07896363bde86b5a79b130c80fb974e408aa8f79c75ec314d9be03c2f9f591af,37,197117,sentinelpath_protected_t,bounded_avc_log
direct_write,52,deny,13,1,1,37,197130,37,197130,07896363bde86b5a79b130c80fb974e408aa8f79c75ec314d9be03c2f9f591af,07896363bde86b5a79b130c80fb974e408aa8f79c75ec314d9be03c2f9f591af,37,197130,sentinelpath_protected_t,bounded_avc_log
direct_write,53,deny,13,1,1,37,197144,37,197144,07896363bde86b5a79b130c80fb974e408aa8f79c75ec314d9be03c2f9f591af,07896363bde86b5a79b130c80fb974e408aa8f79c75ec314d9be03c2f9f591af,37,197144,sentinelpath_protected_t,bounded_avc_log
direct_write,54,deny,13,1,1,37,197159,37,197159,07896363bde86b5a79b130c80fb974e408aa8f79c75ec314d9be03c2f9f591af,07896363bde86b5a79b130c80fb974e408aa8f79c75ec314d9be03c2f9f591af,37,197159,sentinelpath_protected_t,bounded_avc_log
direct_write,55,deny,13,1,1,37,197169,37,197169,07896363bde86b5a79b130c80fb974e408aa8f79c75ec314d9be03c2f9f591af,07896363bde86b5a79b130c80fb974e408aa8f79c75ec314d9be03c2f9f591af,37,197169,sentinelpath_protected_t,bounded_avc_log
direct_write,56,deny,13,1,1,37,197184,37,197184,07896363bde86b5a79b130c80fb974e408aa8f79c75ec314d9be03c2f9f591af,07896363bde86b5a79b130c80fb974e408aa8f79c75ec314d9be03c2f9f591af,37,197184,sentinelpath_protected_t,bounded_avc_log
direct_write,57,deny,13,1,1,37,197201,37,197201,07896363bde86b5a79b130c80fb974e408aa8f79c75ec314d9be03c2f9f591af,07896363bde86b5a79b130c80fb974e408aa8f79c75ec314d9be03c2f9f591af,37,197201,sentinelpath_protected_t,bounded_avc_log
direct_write,58,deny,13,1,1,37,197206,37,197206,07896363bde86b5a79b130c80fb974e408aa8f79c75ec314d9be03c2f9f591af,07896363bde86b5a79b130c80fb974e408aa8f79c75ec314d9be03c2f9f591af,37,197206,sentinelpath_protected_t,bounded_avc_log
direct_write,59,deny,13,1,1,37,197229,37,197229,07896363bde86b5a79b130c80fb974e408aa8f79c75ec314d9be03c2f9f591af,07896363bde86b5a79b130c80fb974e408aa8f79c75ec314d9be03c2f9f591af,37,197229,sentinelpath_protected_t,bounded_avc_log
direct_write,60,deny,13,1,1,37,197240,37,197240,07896363bde86b5a79b130c80fb974e408aa8f79c75ec314d9be03c2f9f591af,07896363bde86b5a79b130c80fb974e408aa8f79c75ec314d9be03c2f9f591af,37,197240,sentinelpath_protected_t,bounded_avc_log
direct_write,61,deny,13,1,1,37,197256,37,197256,07896363bde86b5a79b130c80fb974e408aa8f79c75ec314d9be03c2f9f591af,07896363bde86b5a79b130c80fb974e408aa8f79c75ec314d9be03c2f9f591af,37,197256,sentinelpath_protected_t,bounded_avc_log
direct_write,62,deny,13,1,1,37,197271,37,197271,07896363bde86b5a79b130c80fb974e408aa8f79c75ec314d9be03c2f9f591af,07896363bde86b5a79b130c80fb974e408aa8f79c75ec314d9be03c2f9f591af,37,197271,sentinelpath_protected_t,bounded_avc_log
direct_write,63,deny,13,1,1,37,197282,37,197282,07896363bde86b5a79b130c80fb974e408aa8f79c75ec314d9be03c2f9f591af,07896363bde86b5a79b130c80fb974e408aa8f79c75ec314d9be03c2f9f591af,37,197282,sentinelpath_protected_t,bounded_avc_log
direct_write,64,deny,13,1,1,37,197298,37,197298,07896363bde86b5a79b130c80fb974e408aa8f79c75ec314d9be03c2f9f591af,07896363bde86b5a79b130c80fb974e408aa8f79c75ec314d9be03c2f9f591af,37,197298,sentinelpath_protected_t,bounded_avc_log
direct_write,65,deny,13,1,1,37,197313,37,197313,07896363bde86b5a79b130c80fb974e408aa8f79c75ec314d9be03c2f9f591af,07896363bde86b5a79b130c80fb974e408aa8f79c75ec314d9be03c2f9f591af,37,197313,sentinelpath_protected_t,bounded_avc_log
direct_write,66,deny,13,1,1,37,197326,37,197326,07896363bde86b5a79b130c80fb974e408aa8f79c75ec314d9be03c2f9f591af,07896363bde86b5a79b130c80fb974e408aa8f79c75ec314d9be03c2f9f591af,37,197326,sentinelpath_protected_t,bounded_avc_log
direct_write,67,deny,13,1,1,37,197340,37,197340,07896363bde86b5a79b130c80fb974e408aa8f79c75ec314d9be03c2f9f591af,07896363bde86b5a79b130c80fb974e408aa8f79c75ec314d9be03c2f9f591af,37,197340,sentinelpath_protected_t,bounded_avc_log
direct_write,68,deny,13,1,1,37,197355,37,197355,07896363bde86b5a79b130c80fb974e408aa8f79c75ec314d9be03c2f9f591af,07896363bde86b5a79b130c80fb974e408aa8f79c75ec314d9be03c2f9f591af,37,197355,sentinelpath_protected_t,bounded_avc_log
direct_write,69,deny,13,1,1,37,197365,37,197365,07896363bde86b5a79b130c80fb974e408aa8f79c75ec314d9be03c2f9f591af,07896363bde86b5a79b130c80fb974e408aa8f79c75ec314d9be03c2f9f591af,37,197365,sentinelpath_protected_t,bounded_avc_log
direct_write,70,deny,13,1,1,37,197372,37,197372,07896363bde86b5a79b130c80fb974e408aa8f79c75ec314d9be03c2f9f591af,07896363bde86b5a79b130c80fb974e408aa8f79c75ec314d9be03c2f9f591af,37,197372,sentinelpath_protected_t,bounded_avc_log
direct_write,71,deny,13,1,1,37,197399,37,197399,07896363bde86b5a79b130c80fb974e408aa8f79c75ec314d9be03c2f9f591af,07896363bde86b5a79b130c80fb974e408aa8f79c75ec314d9be03c2f9f591af,37,197399,sentinelpath_protected_t,bounded_avc_log
direct_write,72,deny,13,1,1,37,197410,37,197410,07896363bde86b5a79b130c80fb974e408aa8f79c75ec314d9be03c2f9f591af,07896363bde86b5a79b130c80fb974e408aa8f79c75ec314d9be03c2f9f591af,37,197410,sentinelpath_protected_t,bounded_avc_log
direct_write,73,deny,13,1,1,37,197426,37,197426,07896363bde86b5a79b130c80fb974e408aa8f79c75ec314d9be03c2f9f591af,07896363bde86b5a79b130c80fb974e408aa8f79c75ec314d9be03c2f9f591af,37,197426,sentinelpath_protected_t,bounded_avc_log
direct_write,74,deny,13,1,1,37,197438,37,197438,07896363bde86b5a79b130c80fb974e408aa8f79c75ec314d9be03c2f9f591af,07896363bde86b5a79b130c80fb974e408aa8f79c75ec314d9be03c2f9f591af,37,197438,sentinelpath_protected_t,bounded_avc_log
direct_write,75,deny,13,1,1,37,197452,37,197452,07896363bde86b5a79b130c80fb974e408aa8f79c75ec314d9be03c2f9f591af,07896363bde86b5a79b130c80fb974e408aa8f79c75ec314d9be03c2f9f591af,37,197452,sentinelpath_protected_t,bounded_avc_log
direct_write,76,deny,13,1,1,37,197468,37,197468,07896363bde86b5a79b130c80fb974e408aa8f79c75ec314d9be03c2f9f591af,07896363bde86b5a79b130c80fb974e408aa8f79c75ec314d9be03c2f9f591af,37,197468,sentinelpath_protected_t,bounded_avc_log
direct_write,77,deny,13,1,1,37,197483,37,197483,07896363bde86b5a79b130c80fb974e408aa8f79c75ec314d9be03c2f9f591af,07896363bde86b5a79b130c80fb974e408aa8f79c75ec314d9be03c2f9f591af,37,197483,sentinelpath_protected_t,bounded_avc_log
direct_write,78,deny,13,1,1,37,197494,37,197494,07896363bde86b5a79b130c80fb974e408aa8f79c75ec314d9be03c2f9f591af,07896363bde86b5a79b130c80fb974e408aa8f79c75ec314d9be03c2f9f591af,37,197494,sentinelpath_protected_t,bounded_avc_log
direct_write,79,deny,13,1,1,37,197509,37,197509,07896363bde86b5a79b130c80fb974e408aa8f79c75ec314d9be03c2f9f591af,07896363bde86b5a79b130c80fb974e408aa8f79c75ec314d9be03c2f9f591af,37,197509,sentinelpath_protected_t,bounded_avc_log
direct_write,80,deny,13,1,1,37,197525,37,197525,07896363bde86b5a79b130c80fb974e408aa8f79c75ec314d9be03c2f9f591af,07896363bde86b5a79b130c80fb974e408aa8f79c75ec314d9be03c2f9f591af,37,197525,sentinelpath_protected_t,bounded_avc_log
direct_write,81,deny,13,1,1,37,197538,37,197538,07896363bde86b5a79b130c80fb974e408aa8f79c75ec314d9be03c2f9f591af,07896363bde86b5a79b130c80fb974e408aa8f79c75ec314d9be03c2f9f591af,37,197538,sentinelpath_protected_t,bounded_avc_log
direct_write,82,deny,13,1,1,37,197553,37,197553,07896363bde86b5a79b130c80fb974e408aa8f79c75ec314d9be03c2f9f591af,07896363bde86b5a79b130c80fb974e408aa8f79c75ec314d9be03c2f9f591af,37,197553,sentinelpath_protected_t,bounded_avc_log
direct_write,83,deny,13,1,1,37,197566,37,197566,07896363bde86b5a79b130c80fb974e408aa8f79c75ec314d9be03c2f9f591af,07896363bde86b5a79b130c80fb974e408aa8f79c75ec314d9be03c2f9f591af,37,197566,sentinelpath_protected_t,bounded_avc_log
direct_write,84,deny,13,1,1,37,197582,37,197582,07896363bde86b5a79b130c80fb974e408aa8f79c75ec314d9be03c2f9f591af,07896363bde86b5a79b130c80fb974e408aa8f79c75ec314d9be03c2f9f591af,37,197582,sentinelpath_protected_t,bounded_avc_log
direct_write,85,deny,13,1,1,37,197597,37,197597,07896363bde86b5a79b130c80fb974e408aa8f79c75ec314d9be03c2f9f591af,07896363bde86b5a79b130c80fb974e408aa8f79c75ec314d9be03c2f9f591af,37,197597,sentinelpath_protected_t,bounded_avc_log
direct_write,86,deny,13,1,1,37,197607,37,197607,07896363bde86b5a79b130c80fb974e408aa8f79c75ec314d9be03c2f9f591af,07896363bde86b5a79b130c80fb974e408aa8f79c75ec314d9be03c2f9f591af,37,197607,sentinelpath_protected_t,bounded_avc_log
direct_write,87,deny,13,1,1,37,197623,37,197623,07896363bde86b5a79b130c80fb974e408aa8f79c75ec314d9be03c2f9f591af,07896363bde86b5a79b130c80fb974e408aa8f79c75ec314d9be03c2f9f591af,37,197623,sentinelpath_protected_t,bounded_avc_log
direct_write,88,deny,13,1,1,37,197638,37,197638,07896363bde86b5a79b130c80fb974e408aa8f79c75ec314d9be03c2f9f591af,07896363bde86b5a79b130c80fb974e408aa8f79c75ec314d9be03c2f9f591af,37,197638,sentinelpath_protected_t,bounded_avc_log
direct_write,89,deny,13,1,1,37,197652,37,197652,07896363bde86b5a79b130c80fb974e408aa8f79c75ec314d9be03c2f9f591af,07896363bde86b5a79b130c80fb974e408aa8f79c75ec314d9be03c2f9f591af,37,197652,sentinelpath_protected_t,bounded_avc_log
direct_write,90,deny,13,1,1,37,197662,37,197662,07896363bde86b5a79b130c80fb974e408aa8f79c75ec314d9be03c2f9f591af,07896363bde86b5a79b130c80fb974e408aa8f79c75ec314d9be03c2f9f591af,37,197662,sentinelpath_protected_t,bounded_avc_log
direct_write,91,deny,13,1,1,37,197679,37,197679,07896363bde86b5a79b130c80fb974e408aa8f79c75ec314d9be03c2f9f591af,07896363bde86b5a79b130c80fb974e408aa8f79c75ec314d9be03c2f9f591af,37,197679,sentinelpath_protected_t,bounded_avc_log
direct_write,92,deny,13,1,1,37,197694,37,197694,07896363bde86b5a79b130c80fb974e408aa8f79c75ec314d9be03c2f9f591af,07896363bde86b5a79b130c80fb974e408aa8f79c75ec314d9be03c2f9f591af,37,197694,sentinelpath_protected_t,bounded_avc_log
direct_write,93,deny,13,1,1,37,197707,37,197707,07896363bde86b5a79b130c80fb974e408aa8f79c75ec314d9be03c2f9f591af,07896363bde86b5a79b130c80fb974e408aa8f79c75ec314d9be03c2f9f591af,37,197707,sentinelpath_protected_t,bounded_avc_log
direct_write,94,deny,13,1,1,37,197721,37,197721,07896363bde86b5a79b130c80fb974e408aa8f79c75ec314d9be03c2f9f591af,07896363bde86b5a79b130c80fb974e408aa8f79c75ec314d9be03c2f9f591af,37,197721,sentinelpath_protected_t,bounded_avc_log
direct_write,95,deny,13,1,1,37,197736,37,197736,07896363bde86b5a79b130c80fb974e408aa8f79c75ec314d9be03c2f9f591af,07896363bde86b5a79b130c80fb974e408aa8f79c75ec314d9be03c2f9f591af,37,197736,sentinelpath_protected_t,bounded_avc_log
direct_write,96,deny,13,1,1,37,197752,37,197752,07896363bde86b5a79b130c80fb974e408aa8f79c75ec314d9be03c2f9f591af,07896363bde86b5a79b130c80fb974e408aa8f79c75ec314d9be03c2f9f591af,37,197752,sentinelpath_protected_t,bounded_avc_log
direct_write,97,deny,13,1,1,37,197762,37,197762,07896363bde86b5a79b130c80fb974e408aa8f79c75ec314d9be03c2f9f591af,07896363bde86b5a79b130c80fb974e408aa8f79c75ec314d9be03c2f9f591af,37,197762,sentinelpath_protected_t,bounded_avc_log
direct_write,98,deny,13,1,1,37,197778,37,197778,07896363bde86b5a79b130c80fb974e408aa8f79c75ec314d9be03c2f9f591af,07896363bde86b5a79b130c80fb974e408aa8f79c75ec314d9be03c2f9f591af,37,197778,sentinelpath_protected_t,bounded_avc_log
direct_write,99,deny,13,1,1,37,197794,37,197794,07896363bde86b5a79b130c80fb974e408aa8f79c75ec314d9be03c2f9f591af,07896363bde86b5a79b130c80fb974e408aa8f79c75ec314d9be03c2f9f591af,37,197794,sentinelpath_protected_t,bounded_avc_log
direct_write,100,deny,13,1,1,37,197808,37,197808,07896363bde86b5a79b130c80fb974e408aa8f79c75ec314d9be03c2f9f591af,07896363bde86b5a79b130c80fb974e408aa8f79c75ec314d9be03c2f9f591af,37,197808,sentinelpath_protected_t,bounded_avc_log
symlink_write,1,deny,13,1,1,37,197819,37,197819,07896363bde86b5a79b130c80fb974e408aa8f79c75ec314d9be03c2f9f591af,07896363bde86b5a79b130c80fb974e408aa8f79c75ec314d9be03c2f9f591af,37,197819,sentinelpath_protected_t,bounded_avc_log
symlink_write,2,deny,13,1,1,37,197835,37,197835,07896363bde86b5a79b130c80fb974e408aa8f79c75ec314d9be03c2f9f591af,07896363bde86b5a79b130c80fb974e408aa8f79c75ec314d9be03c2f9f591af,37,197835,sentinelpath_protected_t,bounded_avc_log
symlink_write,3,deny,13,1,1,37,197850,37,197850,07896363bde86b5a79b130c80fb974e408aa8f79c75ec314d9be03c2f9f591af,07896363bde86b5a79b130c80fb974e408aa8f79c75ec314d9be03c2f9f591af,37,197850,sentinelpath_protected_t,bounded_avc_log
symlink_write,4,deny,13,1,1,37,197860,37,197860,07896363bde86b5a79b130c80fb974e408aa8f79c75ec314d9be03c2f9f591af,07896363bde86b5a79b130c80fb974e408aa8f79c75ec314d9be03c2f9f591af,37,197860,sentinelpath_protected_t,bounded_avc_log
symlink_write,5,deny,13,1,1,37,197876,37,197876,07896363bde86b5a79b130c80fb974e408aa8f79c75ec314d9be03c2f9f591af,07896363bde86b5a79b130c80fb974e408aa8f79c75ec314d9be03c2f9f591af,37,197876,sentinelpath_protected_t,bounded_avc_log
symlink_write,6,deny,13,1,1,37,197891,37,197891,07896363bde86b5a79b130c80fb974e408aa8f79c75ec314d9be03c2f9f591af,07896363bde86b5a79b130c80fb974e408aa8f79c75ec314d9be03c2f9f591af,37,197891,sentinelpath_protected_t,bounded_avc_log
symlink_write,7,deny,13,1,1,37,197905,37,197905,07896363bde86b5a79b130c80fb974e408aa8f79c75ec314d9be03c2f9f591af,07896363bde86b5a79b130c80fb974e408aa8f79c75ec314d9be03c2f9f591af,37,197905,sentinelpath_protected_t,bounded_avc_log
symlink_write,8,deny,13,1,1,37,197918,37,197918,07896363bde86b5a79b130c80fb974e408aa8f79c75ec314d9be03c2f9f591af,07896363bde86b5a79b130c80fb974e408aa8f79c75ec314d9be03c2f9f591af,37,197918,sentinelpath_protected_t,bounded_avc_log
symlink_write,9,deny,13,1,1,37,197934,37,197934,07896363bde86b5a79b130c80fb974e408aa8f79c75ec314d9be03c2f9f591af,07896363bde86b5a79b130c80fb974e408aa8f79c75ec314d9be03c2f9f591af,37,197934,sentinelpath_protected_t,bounded_avc_log
symlink_write,10,deny,13,1,1,37,197949,37,197949,07896363bde86b5a79b130c80fb974e408aa8f79c75ec314d9be03c2f9f591af,07896363bde86b5a79b130c80fb974e408aa8f79c75ec314d9be03c2f9f591af,37,197949,sentinelpath_protected_t,bounded_avc_log
symlink_write,11,deny,13,1,1,37,197961,37,197961,07896363bde86b5a79b130c80fb974e408aa8f79c75ec314d9be03c2f9f591af,07896363bde86b5a79b130c80fb974e408aa8f79c75ec314d9be03c2f9f591af,37,197961,sentinelpath_protected_t,bounded_avc_log
symlink_write,12,deny,13,1,1,37,197977,37,197977,07896363bde86b5a79b130c80fb974e408aa8f79c75ec314d9be03c2f9f591af,07896363bde86b5a79b130c80fb974e408aa8f79c75ec314d9be03c2f9f591af,37,197977,sentinelpath_protected_t,bounded_avc_log
symlink_write,13,deny,13,1,1,37,197991,37,197991,07896363bde86b5a79b130c80fb974e408aa8f79c75ec314d9be03c2f9f591af,07896363bde86b5a79b130c80fb974e408aa8f79c75ec314d9be03c2f9f591af,37,197991,sentinelpath_protected_t,bounded_avc_log
symlink_write,14,deny,13,1,1,37,198004,37,198004,07896363bde86b5a79b130c80fb974e408aa8f79c75ec314d9be03c2f9f591af,07896363bde86b5a79b130c80fb974e408aa8f79c75ec314d9be03c2f9f591af,37,198004,sentinelpath_protected_t,bounded_avc_log
symlink_write,15,deny,13,1,1,37,198017,37,198017,07896363bde86b5a79b130c80fb974e408aa8f79c75ec314d9be03c2f9f591af,07896363bde86b5a79b130c80fb974e408aa8f79c75ec314d9be03c2f9f591af,37,198017,sentinelpath_protected_t,bounded_avc_log
symlink_write,16,deny,13,1,1,37,198031,37,198031,07896363bde86b5a79b130c80fb974e408aa8f79c75ec314d9be03c2f9f591af,07896363bde86b5a79b130c80fb974e408aa8f79c75ec314d9be03c2f9f591af,37,198031,sentinelpath_protected_t,bounded_avc_log
symlink_write,17,deny,13,1,1,37,198045,37,198045,07896363bde86b5a79b130c80fb974e408aa8f79c75ec314d9be03c2f9f591af,07896363bde86b5a79b130c80fb974e408aa8f79c75ec314d9be03c2f9f591af,37,198045,sentinelpath_protected_t,bounded_avc_log
symlink_write,18,deny,13,1,1,37,198060,37,198060,07896363bde86b5a79b130c80fb974e408aa8f79c75ec314d9be03c2f9f591af,07896363bde86b5a79b130c80fb974e408aa8f79c75ec314d9be03c2f9f591af,37,198060,sentinelpath_protected_t,bounded_avc_log
symlink_write,19,deny,13,1,1,37,198076,37,198076,07896363bde86b5a79b130c80fb974e408aa8f79c75ec314d9be03c2f9f591af,07896363bde86b5a79b130c80fb974e408aa8f79c75ec314d9be03c2f9f591af,37,198076,sentinelpath_protected_t,bounded_avc_log
symlink_write,20,deny,13,1,1,37,198086,37,198086,07896363bde86b5a79b130c80fb974e408aa8f79c75ec314d9be03c2f9f591af,07896363bde86b5a79b130c80fb974e408aa8f79c75ec314d9be03c2f9f591af,37,198086,sentinelpath_protected_t,bounded_avc_log
symlink_write,21,deny,13,1,1,37,198104,37,198104,07896363bde86b5a79b130c80fb974e408aa8f79c75ec314d9be03c2f9f591af,07896363bde86b5a79b130c80fb974e408aa8f79c75ec314d9be03c2f9f591af,37,198104,sentinelpath_protected_t,bounded_avc_log
symlink_write,22,deny,13,1,1,37,198111,37,198111,07896363bde86b5a79b130c80fb974e408aa8f79c75ec314d9be03c2f9f591af,07896363bde86b5a79b130c80fb974e408aa8f79c75ec314d9be03c2f9f591af,37,198111,sentinelpath_protected_t,bounded_avc_log
symlink_write,23,deny,13,1,1,37,198117,37,198117,07896363bde86b5a79b130c80fb974e408aa8f79c75ec314d9be03c2f9f591af,07896363bde86b5a79b130c80fb974e408aa8f79c75ec314d9be03c2f9f591af,37,198117,sentinelpath_protected_t,bounded_avc_log
symlink_write,24,deny,13,1,1,37,198122,37,198122,07896363bde86b5a79b130c80fb974e408aa8f79c75ec314d9be03c2f9f591af,07896363bde86b5a79b130c80fb974e408aa8f79c75ec314d9be03c2f9f591af,37,198122,sentinelpath_protected_t,bounded_avc_log
symlink_write,25,deny,13,1,1,37,198127,37,198127,07896363bde86b5a79b130c80fb974e408aa8f79c75ec314d9be03c2f9f591af,07896363bde86b5a79b130c80fb974e408aa8f79c75ec314d9be03c2f9f591af,37,198127,sentinelpath_protected_t,bounded_avc_log
symlink_write,26,deny,13,1,1,37,198172,37,198172,07896363bde86b5a79b130c80fb974e408aa8f79c75ec314d9be03c2f9f591af,07896363bde86b5a79b130c80fb974e408aa8f79c75ec314d9be03c2f9f591af,37,198172,sentinelpath_protected_t,bounded_avc_log
symlink_write,27,deny,13,1,1,37,198187,37,198187,07896363bde86b5a79b130c80fb974e408aa8f79c75ec314d9be03c2f9f591af,07896363bde86b5a79b130c80fb974e408aa8f79c75ec314d9be03c2f9f591af,37,198187,sentinelpath_protected_t,bounded_avc_log
symlink_write,28,deny,13,1,1,37,198201,37,198201,07896363bde86b5a79b130c80fb974e408aa8f79c75ec314d9be03c2f9f591af,07896363bde86b5a79b130c80fb974e408aa8f79c75ec314d9be03c2f9f591af,37,198201,sentinelpath_protected_t,bounded_avc_log
symlink_write,29,deny,13,1,1,37,198216,37,198216,07896363bde86b5a79b130c80fb974e408aa8f79c75ec314d9be03c2f9f591af,07896363bde86b5a79b130c80fb974e408aa8f79c75ec314d9be03c2f9f591af,37,198216,sentinelpath_protected_t,bounded_avc_log
symlink_write,30,deny,13,1,1,37,198230,37,198230,07896363bde86b5a79b130c80fb974e408aa8f79c75ec314d9be03c2f9f591af,07896363bde86b5a79b130c80fb974e408aa8f79c75ec314d9be03c2f9f591af,37,198230,sentinelpath_protected_t,bounded_avc_log
symlink_write,31,deny,13,1,1,37,198245,37,198245,07896363bde86b5a79b130c80fb974e408aa8f79c75ec314d9be03c2f9f591af,07896363bde86b5a79b130c80fb974e408aa8f79c75ec314d9be03c2f9f591af,37,198245,sentinelpath_protected_t,bounded_avc_log
symlink_write,32,deny,13,1,1,37,198257,37,198257,07896363bde86b5a79b130c80fb974e408aa8f79c75ec314d9be03c2f9f591af,07896363bde86b5a79b130c80fb974e408aa8f79c75ec314d9be03c2f9f591af,37,198257,sentinelpath_protected_t,bounded_avc_log
symlink_write,33,deny,13,1,1,37,198274,37,198274,07896363bde86b5a79b130c80fb974e408aa8f79c75ec314d9be03c2f9f591af,07896363bde86b5a79b130c80fb974e408aa8f79c75ec314d9be03c2f9f591af,37,198274,sentinelpath_protected_t,bounded_avc_log
symlink_write,34,deny,13,1,1,37,198285,37,198285,07896363bde86b5a79b130c80fb974e408aa8f79c75ec314d9be03c2f9f591af,07896363bde86b5a79b130c80fb974e408aa8f79c75ec314d9be03c2f9f591af,37,198285,sentinelpath_protected_t,bounded_avc_log
symlink_write,35,deny,13,1,1,37,198301,37,198301,07896363bde86b5a79b130c80fb974e408aa8f79c75ec314d9be03c2f9f591af,07896363bde86b5a79b130c80fb974e408aa8f79c75ec314d9be03c2f9f591af,37,198301,sentinelpath_protected_t,bounded_avc_log
symlink_write,36,deny,13,1,1,37,198313,37,198313,07896363bde86b5a79b130c80fb974e408aa8f79c75ec314d9be03c2f9f591af,07896363bde86b5a79b130c80fb974e408aa8f79c75ec314d9be03c2f9f591af,37,198313,sentinelpath_protected_t,bounded_avc_log
symlink_write,37,deny,13,1,1,37,198329,37,198329,07896363bde86b5a79b130c80fb974e408aa8f79c75ec314d9be03c2f9f591af,07896363bde86b5a79b130c80fb974e408aa8f79c75ec314d9be03c2f9f591af,37,198329,sentinelpath_protected_t,bounded_avc_log
symlink_write,38,deny,13,1,1,37,198341,37,198341,07896363bde86b5a79b130c80fb974e408aa8f79c75ec314d9be03c2f9f591af,07896363bde86b5a79b130c80fb974e408aa8f79c75ec314d9be03c2f9f591af,37,198341,sentinelpath_protected_t,bounded_avc_log
symlink_write,39,deny,13,1,1,37,198356,37,198356,07896363bde86b5a79b130c80fb974e408aa8f79c75ec314d9be03c2f9f591af,07896363bde86b5a79b130c80fb974e408aa8f79c75ec314d9be03c2f9f591af,37,198356,sentinelpath_protected_t,bounded_avc_log
symlink_write,40,deny,13,1,1,37,198367,37,198367,07896363bde86b5a79b130c80fb974e408aa8f79c75ec314d9be03c2f9f591af,07896363bde86b5a79b130c80fb974e408aa8f79c75ec314d9be03c2f9f591af,37,198367,sentinelpath_protected_t,bounded_avc_log
symlink_write,41,deny,13,1,1,37,198384,37,198384,07896363bde86b5a79b130c80fb974e408aa8f79c75ec314d9be03c2f9f591af,07896363bde86b5a79b130c80fb974e408aa8f79c75ec314d9be03c2f9f591af,37,198384,sentinelpath_protected_t,bounded_avc_log
symlink_write,42,deny,13,1,1,37,198396,37,198396,07896363bde86b5a79b130c80fb974e408aa8f79c75ec314d9be03c2f9f591af,07896363bde86b5a79b130c80fb974e408aa8f79c75ec314d9be03c2f9f591af,37,198396,sentinelpath_protected_t,bounded_avc_log
symlink_write,43,deny,13,1,1,37,198413,37,198413,07896363bde86b5a79b130c80fb974e408aa8f79c75ec314d9be03c2f9f591af,07896363bde86b5a79b130c80fb974e408aa8f79c75ec314d9be03c2f9f591af,37,198413,sentinelpath_protected_t,bounded_avc_log
symlink_write,44,deny,13,1,1,37,198428,37,198428,07896363bde86b5a79b130c80fb974e408aa8f79c75ec314d9be03c2f9f591af,07896363bde86b5a79b130c80fb974e408aa8f79c75ec314d9be03c2f9f591af,37,198428,sentinelpath_protected_t,bounded_avc_log
symlink_write,45,deny,13,1,1,37,198442,37,198442,07896363bde86b5a79b130c80fb974e408aa8f79c75ec314d9be03c2f9f591af,07896363bde86b5a79b130c80fb974e408aa8f79c75ec314d9be03c2f9f591af,37,198442,sentinelpath_protected_t,bounded_avc_log
symlink_write,46,deny,13,1,1,37,198455,37,198455,07896363bde86b5a79b130c80fb974e408aa8f79c75ec314d9be03c2f9f591af,07896363bde86b5a79b130c80fb974e408aa8f79c75ec314d9be03c2f9f591af,37,198455,sentinelpath_protected_t,bounded_avc_log
symlink_write,47,deny,13,1,1,37,198470,37,198470,07896363bde86b5a79b130c80fb974e408aa8f79c75ec314d9be03c2f9f591af,07896363bde86b5a79b130c80fb974e408aa8f79c75ec314d9be03c2f9f591af,37,198470,sentinelpath_protected_t,bounded_avc_log
symlink_write,48,deny,13,1,1,37,198482,37,198482,07896363bde86b5a79b130c80fb974e408aa8f79c75ec314d9be03c2f9f591af,07896363bde86b5a79b130c80fb974e408aa8f79c75ec314d9be03c2f9f591af,37,198482,sentinelpath_protected_t,bounded_avc_log
symlink_write,49,deny,13,1,1,37,198498,37,198498,07896363bde86b5a79b130c80fb974e408aa8f79c75ec314d9be03c2f9f591af,07896363bde86b5a79b130c80fb974e408aa8f79c75ec314d9be03c2f9f591af,37,198498,sentinelpath_protected_t,bounded_avc_log
symlink_write,50,deny,13,1,1,37,198510,37,198510,07896363bde86b5a79b130c80fb974e408aa8f79c75ec314d9be03c2f9f591af,07896363bde86b5a79b130c80fb974e408aa8f79c75ec314d9be03c2f9f591af,37,198510,sentinelpath_protected_t,bounded_avc_log
symlink_write,51,deny,13,1,1,37,198525,37,198525,07896363bde86b5a79b130c80fb974e408aa8f79c75ec314d9be03c2f9f591af,07896363bde86b5a79b130c80fb974e408aa8f79c75ec314d9be03c2f9f591af,37,198525,sentinelpath_protected_t,bounded_avc_log
symlink_write,52,deny,13,1,1,37,198541,37,198541,07896363bde86b5a79b130c80fb974e408aa8f79c75ec314d9be03c2f9f591af,07896363bde86b5a79b130c80fb974e408aa8f79c75ec314d9be03c2f9f591af,37,198541,sentinelpath_protected_t,bounded_avc_log
symlink_write,53,deny,13,1,1,37,198554,37,198554,07896363bde86b5a79b130c80fb974e408aa8f79c75ec314d9be03c2f9f591af,07896363bde86b5a79b130c80fb974e408aa8f79c75ec314d9be03c2f9f591af,37,198554,sentinelpath_protected_t,bounded_avc_log
symlink_write,54,deny,13,1,1,37,198568,37,198568,07896363bde86b5a79b130c80fb974e408aa8f79c75ec314d9be03c2f9f591af,07896363bde86b5a79b130c80fb974e408aa8f79c75ec314d9be03c2f9f591af,37,198568,sentinelpath_protected_t,bounded_avc_log
symlink_write,55,deny,13,1,1,37,198583,37,198583,07896363bde86b5a79b130c80fb974e408aa8f79c75ec314d9be03c2f9f591af,07896363bde86b5a79b130c80fb974e408aa8f79c75ec314d9be03c2f9f591af,37,198583,sentinelpath_protected_t,bounded_avc_log
symlink_write,56,deny,13,1,1,37,198598,37,198598,07896363bde86b5a79b130c80fb974e408aa8f79c75ec314d9be03c2f9f591af,07896363bde86b5a79b130c80fb974e408aa8f79c75ec314d9be03c2f9f591af,37,198598,sentinelpath_protected_t,bounded_avc_log
symlink_write,57,deny,13,1,1,37,198608,37,198608,07896363bde86b5a79b130c80fb974e408aa8f79c75ec314d9be03c2f9f591af,07896363bde86b5a79b130c80fb974e408aa8f79c75ec314d9be03c2f9f591af,37,198608,sentinelpath_protected_t,bounded_avc_log
symlink_write,58,deny,13,1,1,37,198623,37,198623,07896363bde86b5a79b130c80fb974e408aa8f79c75ec314d9be03c2f9f591af,07896363bde86b5a79b130c80fb974e408aa8f79c75ec314d9be03c2f9f591af,37,198623,sentinelpath_protected_t,bounded_avc_log
symlink_write,59,deny,13,1,1,37,198640,37,198640,07896363bde86b5a79b130c80fb974e408aa8f79c75ec314d9be03c2f9f591af,07896363bde86b5a79b130c80fb974e408aa8f79c75ec314d9be03c2f9f591af,37,198640,sentinelpath_protected_t,bounded_avc_log
symlink_write,60,deny,13,1,1,37,198654,37,198654,07896363bde86b5a79b130c80fb974e408aa8f79c75ec314d9be03c2f9f591af,07896363bde86b5a79b130c80fb974e408aa8f79c75ec314d9be03c2f9f591af,37,198654,sentinelpath_protected_t,bounded_avc_log
symlink_write,61,deny,13,1,1,37,198668,37,198668,07896363bde86b5a79b130c80fb974e408aa8f79c75ec314d9be03c2f9f591af,07896363bde86b5a79b130c80fb974e408aa8f79c75ec314d9be03c2f9f591af,37,198668,sentinelpath_protected_t,bounded_avc_log
symlink_write,62,deny,13,1,1,37,198682,37,198682,07896363bde86b5a79b130c80fb974e408aa8f79c75ec314d9be03c2f9f591af,07896363bde86b5a79b130c80fb974e408aa8f79c75ec314d9be03c2f9f591af,37,198682,sentinelpath_protected_t,bounded_avc_log
symlink_write,63,deny,13,1,1,37,198693,37,198693,07896363bde86b5a79b130c80fb974e408aa8f79c75ec314d9be03c2f9f591af,07896363bde86b5a79b130c80fb974e408aa8f79c75ec314d9be03c2f9f591af,37,198693,sentinelpath_protected_t,bounded_avc_log
symlink_write,64,deny,13,1,1,37,198709,37,198709,07896363bde86b5a79b130c80fb974e408aa8f79c75ec314d9be03c2f9f591af,07896363bde86b5a79b130c80fb974e408aa8f79c75ec314d9be03c2f9f591af,37,198709,sentinelpath_protected_t,bounded_avc_log
symlink_write,65,deny,13,1,1,37,198725,37,198725,07896363bde86b5a79b130c80fb974e408aa8f79c75ec314d9be03c2f9f591af,07896363bde86b5a79b130c80fb974e408aa8f79c75ec314d9be03c2f9f591af,37,198725,sentinelpath_protected_t,bounded_avc_log
symlink_write,66,deny,13,1,1,37,198734,37,198734,07896363bde86b5a79b130c80fb974e408aa8f79c75ec314d9be03c2f9f591af,07896363bde86b5a79b130c80fb974e408aa8f79c75ec314d9be03c2f9f591af,37,198734,sentinelpath_protected_t,bounded_avc_log
symlink_write,67,deny,13,1,1,37,198751,37,198751,07896363bde86b5a79b130c80fb974e408aa8f79c75ec314d9be03c2f9f591af,07896363bde86b5a79b130c80fb974e408aa8f79c75ec314d9be03c2f9f591af,37,198751,sentinelpath_protected_t,bounded_avc_log
symlink_write,68,deny,13,1,1,37,198764,37,198764,07896363bde86b5a79b130c80fb974e408aa8f79c75ec314d9be03c2f9f591af,07896363bde86b5a79b130c80fb974e408aa8f79c75ec314d9be03c2f9f591af,37,198764,sentinelpath_protected_t,bounded_avc_log
symlink_write,69,deny,13,1,1,37,198779,37,198779,07896363bde86b5a79b130c80fb974e408aa8f79c75ec314d9be03c2f9f591af,07896363bde86b5a79b130c80fb974e408aa8f79c75ec314d9be03c2f9f591af,37,198779,sentinelpath_protected_t,bounded_avc_log
symlink_write,70,deny,13,1,1,37,198794,37,198794,07896363bde86b5a79b130c80fb974e408aa8f79c75ec314d9be03c2f9f591af,07896363bde86b5a79b130c80fb974e408aa8f79c75ec314d9be03c2f9f591af,37,198794,sentinelpath_protected_t,bounded_avc_log
symlink_write,71,deny,13,1,1,37,198809,37,198809,07896363bde86b5a79b130c80fb974e408aa8f79c75ec314d9be03c2f9f591af,07896363bde86b5a79b130c80fb974e408aa8f79c75ec314d9be03c2f9f591af,37,198809,sentinelpath_protected_t,bounded_avc_log
symlink_write,72,deny,13,1,1,37,198822,37,198822,07896363bde86b5a79b130c80fb974e408aa8f79c75ec314d9be03c2f9f591af,07896363bde86b5a79b130c80fb974e408aa8f79c75ec314d9be03c2f9f591af,37,198822,sentinelpath_protected_t,bounded_avc_log
symlink_write,73,deny,13,1,1,37,198836,37,198836,07896363bde86b5a79b130c80fb974e408aa8f79c75ec314d9be03c2f9f591af,07896363bde86b5a79b130c80fb974e408aa8f79c75ec314d9be03c2f9f591af,37,198836,sentinelpath_protected_t,bounded_avc_log
symlink_write,74,deny,13,1,1,37,198849,37,198849,07896363bde86b5a79b130c80fb974e408aa8f79c75ec314d9be03c2f9f591af,07896363bde86b5a79b130c80fb974e408aa8f79c75ec314d9be03c2f9f591af,37,198849,sentinelpath_protected_t,bounded_avc_log
symlink_write,75,deny,13,1,1,37,198865,37,198865,07896363bde86b5a79b130c80fb974e408aa8f79c75ec314d9be03c2f9f591af,07896363bde86b5a79b130c80fb974e408aa8f79c75ec314d9be03c2f9f591af,37,198865,sentinelpath_protected_t,bounded_avc_log
symlink_write,76,deny,13,1,1,37,198878,37,198878,07896363bde86b5a79b130c80fb974e408aa8f79c75ec314d9be03c2f9f591af,07896363bde86b5a79b130c80fb974e408aa8f79c75ec314d9be03c2f9f591af,37,198878,sentinelpath_protected_t,bounded_avc_log
symlink_write,77,deny,13,1,1,37,198893,37,198893,07896363bde86b5a79b130c80fb974e408aa8f79c75ec314d9be03c2f9f591af,07896363bde86b5a79b130c80fb974e408aa8f79c75ec314d9be03c2f9f591af,37,198893,sentinelpath_protected_t,bounded_avc_log
symlink_write,78,deny,13,1,1,37,198905,37,198905,07896363bde86b5a79b130c80fb974e408aa8f79c75ec314d9be03c2f9f591af,07896363bde86b5a79b130c80fb974e408aa8f79c75ec314d9be03c2f9f591af,37,198905,sentinelpath_protected_t,bounded_avc_log
symlink_write,79,deny,13,1,1,37,198922,37,198922,07896363bde86b5a79b130c80fb974e408aa8f79c75ec314d9be03c2f9f591af,07896363bde86b5a79b130c80fb974e408aa8f79c75ec314d9be03c2f9f591af,37,198922,sentinelpath_protected_t,bounded_avc_log
symlink_write,80,deny,13,1,1,37,198937,37,198937,07896363bde86b5a79b130c80fb974e408aa8f79c75ec314d9be03c2f9f591af,07896363bde86b5a79b130c80fb974e408aa8f79c75ec314d9be03c2f9f591af,37,198937,sentinelpath_protected_t,bounded_avc_log
symlink_write,81,deny,13,1,1,37,198947,37,198947,07896363bde86b5a79b130c80fb974e408aa8f79c75ec314d9be03c2f9f591af,07896363bde86b5a79b130c80fb974e408aa8f79c75ec314d9be03c2f9f591af,37,198947,sentinelpath_protected_t,bounded_avc_log
symlink_write,82,deny,13,1,1,37,198963,37,198963,07896363bde86b5a79b130c80fb974e408aa8f79c75ec314d9be03c2f9f591af,07896363bde86b5a79b130c80fb974e408aa8f79c75ec314d9be03c2f9f591af,37,198963,sentinelpath_protected_t,bounded_avc_log
symlink_write,83,deny,13,1,1,37,198975,37,198975,07896363bde86b5a79b130c80fb974e408aa8f79c75ec314d9be03c2f9f591af,07896363bde86b5a79b130c80fb974e408aa8f79c75ec314d9be03c2f9f591af,37,198975,sentinelpath_protected_t,bounded_avc_log
symlink_write,84,deny,13,1,1,37,198991,37,198991,07896363bde86b5a79b130c80fb974e408aa8f79c75ec314d9be03c2f9f591af,07896363bde86b5a79b130c80fb974e408aa8f79c75ec314d9be03c2f9f591af,37,198991,sentinelpath_protected_t,bounded_avc_log
symlink_write,85,deny,13,1,1,37,198996,37,198996,07896363bde86b5a79b130c80fb974e408aa8f79c75ec314d9be03c2f9f591af,07896363bde86b5a79b130c80fb974e408aa8f79c75ec314d9be03c2f9f591af,37,198996,sentinelpath_protected_t,bounded_avc_log
symlink_write,86,deny,13,1,1,37,199018,37,199018,07896363bde86b5a79b130c80fb974e408aa8f79c75ec314d9be03c2f9f591af,07896363bde86b5a79b130c80fb974e408aa8f79c75ec314d9be03c2f9f591af,37,199018,sentinelpath_protected_t,bounded_avc_log
symlink_write,87,deny,13,1,1,37,199034,37,199034,07896363bde86b5a79b130c80fb974e408aa8f79c75ec314d9be03c2f9f591af,07896363bde86b5a79b130c80fb974e408aa8f79c75ec314d9be03c2f9f591af,37,199034,sentinelpath_protected_t,bounded_avc_log
symlink_write,88,deny,13,1,1,37,199045,37,199045,07896363bde86b5a79b130c80fb974e408aa8f79c75ec314d9be03c2f9f591af,07896363bde86b5a79b130c80fb974e408aa8f79c75ec314d9be03c2f9f591af,37,199045,sentinelpath_protected_t,bounded_avc_log
symlink_write,89,deny,13,1,1,37,199061,37,199061,07896363bde86b5a79b130c80fb974e408aa8f79c75ec314d9be03c2f9f591af,07896363bde86b5a79b130c80fb974e408aa8f79c75ec314d9be03c2f9f591af,37,199061,sentinelpath_protected_t,bounded_avc_log
symlink_write,90,deny,13,1,1,37,199076,37,199076,07896363bde86b5a79b130c80fb974e408aa8f79c75ec314d9be03c2f9f591af,07896363bde86b5a79b130c80fb974e408aa8f79c75ec314d9be03c2f9f591af,37,199076,sentinelpath_protected_t,bounded_avc_log
symlink_write,91,deny,13,1,1,37,199091,37,199091,07896363bde86b5a79b130c80fb974e408aa8f79c75ec314d9be03c2f9f591af,07896363bde86b5a79b130c80fb974e408aa8f79c75ec314d9be03c2f9f591af,37,199091,sentinelpath_protected_t,bounded_avc_log
symlink_write,92,deny,13,1,1,37,199102,37,199102,07896363bde86b5a79b130c80fb974e408aa8f79c75ec314d9be03c2f9f591af,07896363bde86b5a79b130c80fb974e408aa8f79c75ec314d9be03c2f9f591af,37,199102,sentinelpath_protected_t,bounded_avc_log
symlink_write,93,deny,13,1,1,37,199118,37,199118,07896363bde86b5a79b130c80fb974e408aa8f79c75ec314d9be03c2f9f591af,07896363bde86b5a79b130c80fb974e408aa8f79c75ec314d9be03c2f9f591af,37,199118,sentinelpath_protected_t,bounded_avc_log
symlink_write,94,deny,13,1,1,37,199134,37,199134,07896363bde86b5a79b130c80fb974e408aa8f79c75ec314d9be03c2f9f591af,07896363bde86b5a79b130c80fb974e408aa8f79c75ec314d9be03c2f9f591af,37,199134,sentinelpath_protected_t,bounded_avc_log
symlink_write,95,deny,13,1,1,37,199148,37,199148,07896363bde86b5a79b130c80fb974e408aa8f79c75ec314d9be03c2f9f591af,07896363bde86b5a79b130c80fb974e408aa8f79c75ec314d9be03c2f9f591af,37,199148,sentinelpath_protected_t,bounded_avc_log
symlink_write,96,deny,13,1,1,37,199158,37,199158,07896363bde86b5a79b130c80fb974e408aa8f79c75ec314d9be03c2f9f591af,07896363bde86b5a79b130c80fb974e408aa8f79c75ec314d9be03c2f9f591af,37,199158,sentinelpath_protected_t,bounded_avc_log
symlink_write,97,deny,13,1,1,37,199174,37,199174,07896363bde86b5a79b130c80fb974e408aa8f79c75ec314d9be03c2f9f591af,07896363bde86b5a79b130c80fb974e408aa8f79c75ec314d9be03c2f9f591af,37,199174,sentinelpath_protected_t,bounded_avc_log
symlink_write,98,deny,13,1,1,37,199190,37,199190,07896363bde86b5a79b130c80fb974e408aa8f79c75ec314d9be03c2f9f591af,07896363bde86b5a79b130c80fb974e408aa8f79c75ec314d9be03c2f9f591af,37,199190,sentinelpath_protected_t,bounded_avc_log
symlink_write,99,deny,13,1,1,37,199202,37,199202,07896363bde86b5a79b130c80fb974e408aa8f79c75ec314d9be03c2f9f591af,07896363bde86b5a79b130c80fb974e408aa8f79c75ec314d9be03c2f9f591af,37,199202,sentinelpath_protected_t,bounded_avc_log
symlink_write,100,deny,13,1,1,37,199216,37,199216,07896363bde86b5a79b130c80fb974e408aa8f79c75ec314d9be03c2f9f591af,07896363bde86b5a79b130c80fb974e408aa8f79c75ec314d9be03c2f9f591af,37,199216,sentinelpath_protected_t,bounded_avc_log
hardlink_write,1,deny,13,1,1,37,199232,37,199232,07896363bde86b5a79b130c80fb974e408aa8f79c75ec314d9be03c2f9f591af,07896363bde86b5a79b130c80fb974e408aa8f79c75ec314d9be03c2f9f591af,37,199232,sentinelpath_protected_t,bounded_avc_log
hardlink_write,2,deny,13,1,1,37,199245,37,199245,07896363bde86b5a79b130c80fb974e408aa8f79c75ec314d9be03c2f9f591af,07896363bde86b5a79b130c80fb974e408aa8f79c75ec314d9be03c2f9f591af,37,199245,sentinelpath_protected_t,bounded_avc_log
hardlink_write,3,deny,13,1,1,37,199261,37,199261,07896363bde86b5a79b130c80fb974e408aa8f79c75ec314d9be03c2f9f591af,07896363bde86b5a79b130c80fb974e408aa8f79c75ec314d9be03c2f9f591af,37,199261,sentinelpath_protected_t,bounded_avc_log
hardlink_write,4,deny,13,1,1,37,199275,37,199275,07896363bde86b5a79b130c80fb974e408aa8f79c75ec314d9be03c2f9f591af,07896363bde86b5a79b130c80fb974e408aa8f79c75ec314d9be03c2f9f591af,37,199275,sentinelpath_protected_t,bounded_avc_log
hardlink_write,5,deny,13,1,1,37,199289,37,199289,07896363bde86b5a79b130c80fb974e408aa8f79c75ec314d9be03c2f9f591af,07896363bde86b5a79b130c80fb974e408aa8f79c75ec314d9be03c2f9f591af,37,199289,sentinelpath_protected_t,bounded_avc_log
hardlink_write,6,deny,13,1,1,37,199302,37,199302,07896363bde86b5a79b130c80fb974e408aa8f79c75ec314d9be03c2f9f591af,07896363bde86b5a79b130c80fb974e408aa8f79c75ec314d9be03c2f9f591af,37,199302,sentinelpath_protected_t,bounded_avc_log
hardlink_write,7,deny,13,1,1,37,199318,37,199318,07896363bde86b5a79b130c80fb974e408aa8f79c75ec314d9be03c2f9f591af,07896363bde86b5a79b130c80fb974e408aa8f79c75ec314d9be03c2f9f591af,37,199318,sentinelpath_protected_t,bounded_avc_log
hardlink_write,8,deny,13,1,1,37,199330,37,199330,07896363bde86b5a79b130c80fb974e408aa8f79c75ec314d9be03c2f9f591af,07896363bde86b5a79b130c80fb974e408aa8f79c75ec314d9be03c2f9f591af,37,199330,sentinelpath_protected_t,bounded_avc_log
hardlink_write,9,deny,13,1,1,37,199341,37,199341,07896363bde86b5a79b130c80fb974e408aa8f79c75ec314d9be03c2f9f591af,07896363bde86b5a79b130c80fb974e408aa8f79c75ec314d9be03c2f9f591af,37,199341,sentinelpath_protected_t,bounded_avc_log
hardlink_write,10,deny,13,1,1,37,199358,37,199358,07896363bde86b5a79b130c80fb974e408aa8f79c75ec314d9be03c2f9f591af,07896363bde86b5a79b130c80fb974e408aa8f79c75ec314d9be03c2f9f591af,37,199358,sentinelpath_protected_t,bounded_avc_log
hardlink_write,11,deny,13,1,1,37,199369,37,199369,07896363bde86b5a79b130c80fb974e408aa8f79c75ec314d9be03c2f9f591af,07896363bde86b5a79b130c80fb974e408aa8f79c75ec314d9be03c2f9f591af,37,199369,sentinelpath_protected_t,bounded_avc_log
hardlink_write,12,deny,13,1,1,37,199387,37,199387,07896363bde86b5a79b130c80fb974e408aa8f79c75ec314d9be03c2f9f591af,07896363bde86b5a79b130c80fb974e408aa8f79c75ec314d9be03c2f9f591af,37,199387,sentinelpath_protected_t,bounded_avc_log
hardlink_write,13,deny,13,1,1,37,199399,37,199399,07896363bde86b5a79b130c80fb974e408aa8f79c75ec314d9be03c2f9f591af,07896363bde86b5a79b130c80fb974e408aa8f79c75ec314d9be03c2f9f591af,37,199399,sentinelpath_protected_t,bounded_avc_log
hardlink_write,14,deny,13,1,1,37,199415,37,199415,07896363bde86b5a79b130c80fb974e408aa8f79c75ec314d9be03c2f9f591af,07896363bde86b5a79b130c80fb974e408aa8f79c75ec314d9be03c2f9f591af,37,199415,sentinelpath_protected_t,bounded_avc_log
hardlink_write,15,deny,13,1,1,37,199425,37,199425,07896363bde86b5a79b130c80fb974e408aa8f79c75ec314d9be03c2f9f591af,07896363bde86b5a79b130c80fb974e408aa8f79c75ec314d9be03c2f9f591af,37,199425,sentinelpath_protected_t,bounded_avc_log
hardlink_write,16,deny,13,1,1,37,199443,37,199443,07896363bde86b5a79b130c80fb974e408aa8f79c75ec314d9be03c2f9f591af,07896363bde86b5a79b130c80fb974e408aa8f79c75ec314d9be03c2f9f591af,37,199443,sentinelpath_protected_t,bounded_avc_log
hardlink_write,17,deny,13,1,1,37,199454,37,199454,07896363bde86b5a79b130c80fb974e408aa8f79c75ec314d9be03c2f9f591af,07896363bde86b5a79b130c80fb974e408aa8f79c75ec314d9be03c2f9f591af,37,199454,sentinelpath_protected_t,bounded_avc_log
hardlink_write,18,deny,13,1,1,37,199471,37,199471,07896363bde86b5a79b130c80fb974e408aa8f79c75ec314d9be03c2f9f591af,07896363bde86b5a79b130c80fb974e408aa8f79c75ec314d9be03c2f9f591af,37,199471,sentinelpath_protected_t,bounded_avc_log
hardlink_write,19,deny,13,1,1,37,199482,37,199482,07896363bde86b5a79b130c80fb974e408aa8f79c75ec314d9be03c2f9f591af,07896363bde86b5a79b130c80fb974e408aa8f79c75ec314d9be03c2f9f591af,37,199482,sentinelpath_protected_t,bounded_avc_log
hardlink_write,20,deny,13,1,1,37,199499,37,199499,07896363bde86b5a79b130c80fb974e408aa8f79c75ec314d9be03c2f9f591af,07896363bde86b5a79b130c80fb974e408aa8f79c75ec314d9be03c2f9f591af,37,199499,sentinelpath_protected_t,bounded_avc_log
hardlink_write,21,deny,13,1,1,37,199512,37,199512,07896363bde86b5a79b130c80fb974e408aa8f79c75ec314d9be03c2f9f591af,07896363bde86b5a79b130c80fb974e408aa8f79c75ec314d9be03c2f9f591af,37,199512,sentinelpath_protected_t,bounded_avc_log
hardlink_write,22,deny,13,1,1,37,199527,37,199527,07896363bde86b5a79b130c80fb974e408aa8f79c75ec314d9be03c2f9f591af,07896363bde86b5a79b130c80fb974e408aa8f79c75ec314d9be03c2f9f591af,37,199527,sentinelpath_protected_t,bounded_avc_log
hardlink_write,23,deny,13,1,1,37,199541,37,199541,07896363bde86b5a79b130c80fb974e408aa8f79c75ec314d9be03c2f9f591af,07896363bde86b5a79b130c80fb974e408aa8f79c75ec314d9be03c2f9f591af,37,199541,sentinelpath_protected_t,bounded_avc_log
hardlink_write,24,deny,13,1,1,37,199555,37,199555,07896363bde86b5a79b130c80fb974e408aa8f79c75ec314d9be03c2f9f591af,07896363bde86b5a79b130c80fb974e408aa8f79c75ec314d9be03c2f9f591af,37,199555,sentinelpath_protected_t,bounded_avc_log
hardlink_write,25,deny,13,1,1,37,199572,37,199572,07896363bde86b5a79b130c80fb974e408aa8f79c75ec314d9be03c2f9f591af,07896363bde86b5a79b130c80fb974e408aa8f79c75ec314d9be03c2f9f591af,37,199572,sentinelpath_protected_t,bounded_avc_log
hardlink_write,26,deny,13,1,1,37,199583,37,199583,07896363bde86b5a79b130c80fb974e408aa8f79c75ec314d9be03c2f9f591af,07896363bde86b5a79b130c80fb974e408aa8f79c75ec314d9be03c2f9f591af,37,199583,sentinelpath_protected_t,bounded_avc_log
hardlink_write,27,deny,13,1,1,37,199600,37,199600,07896363bde86b5a79b130c80fb974e408aa8f79c75ec314d9be03c2f9f591af,07896363bde86b5a79b130c80fb974e408aa8f79c75ec314d9be03c2f9f591af,37,199600,sentinelpath_protected_t,bounded_avc_log
hardlink_write,28,deny,13,1,1,37,199611,37,199611,07896363bde86b5a79b130c80fb974e408aa8f79c75ec314d9be03c2f9f591af,07896363bde86b5a79b130c80fb974e408aa8f79c75ec314d9be03c2f9f591af,37,199611,sentinelpath_protected_t,bounded_avc_log
hardlink_write,29,deny,13,1,1,37,199628,37,199628,07896363bde86b5a79b130c80fb974e408aa8f79c75ec314d9be03c2f9f591af,07896363bde86b5a79b130c80fb974e408aa8f79c75ec314d9be03c2f9f591af,37,199628,sentinelpath_protected_t,bounded_avc_log
hardlink_write,30,deny,13,1,1,37,199639,37,199639,07896363bde86b5a79b130c80fb974e408aa8f79c75ec314d9be03c2f9f591af,07896363bde86b5a79b130c80fb974e408aa8f79c75ec314d9be03c2f9f591af,37,199639,sentinelpath_protected_t,bounded_avc_log
hardlink_write,31,deny,13,1,1,37,199656,37,199656,07896363bde86b5a79b130c80fb974e408aa8f79c75ec314d9be03c2f9f591af,07896363bde86b5a79b130c80fb974e408aa8f79c75ec314d9be03c2f9f591af,37,199656,sentinelpath_protected_t,bounded_avc_log
hardlink_write,32,deny,13,1,1,37,199667,37,199667,07896363bde86b5a79b130c80fb974e408aa8f79c75ec314d9be03c2f9f591af,07896363bde86b5a79b130c80fb974e408aa8f79c75ec314d9be03c2f9f591af,37,199667,sentinelpath_protected_t,bounded_avc_log
hardlink_write,33,deny,13,1,1,37,199684,37,199684,07896363bde86b5a79b130c80fb974e408aa8f79c75ec314d9be03c2f9f591af,07896363bde86b5a79b130c80fb974e408aa8f79c75ec314d9be03c2f9f591af,37,199684,sentinelpath_protected_t,bounded_avc_log
hardlink_write,34,deny,13,1,1,37,199696,37,199696,07896363bde86b5a79b130c80fb974e408aa8f79c75ec314d9be03c2f9f591af,07896363bde86b5a79b130c80fb974e408aa8f79c75ec314d9be03c2f9f591af,37,199696,sentinelpath_protected_t,bounded_avc_log
hardlink_write,35,deny,13,1,1,37,199713,37,199713,07896363bde86b5a79b130c80fb974e408aa8f79c75ec314d9be03c2f9f591af,07896363bde86b5a79b130c80fb974e408aa8f79c75ec314d9be03c2f9f591af,37,199713,sentinelpath_protected_t,bounded_avc_log
hardlink_write,36,deny,13,1,1,37,199725,37,199725,07896363bde86b5a79b130c80fb974e408aa8f79c75ec314d9be03c2f9f591af,07896363bde86b5a79b130c80fb974e408aa8f79c75ec314d9be03c2f9f591af,37,199725,sentinelpath_protected_t,bounded_avc_log
hardlink_write,37,deny,13,1,1,37,199741,37,199741,07896363bde86b5a79b130c80fb974e408aa8f79c75ec314d9be03c2f9f591af,07896363bde86b5a79b130c80fb974e408aa8f79c75ec314d9be03c2f9f591af,37,199741,sentinelpath_protected_t,bounded_avc_log
hardlink_write,38,deny,13,1,1,37,199753,37,199753,07896363bde86b5a79b130c80fb974e408aa8f79c75ec314d9be03c2f9f591af,07896363bde86b5a79b130c80fb974e408aa8f79c75ec314d9be03c2f9f591af,37,199753,sentinelpath_protected_t,bounded_avc_log
hardlink_write,39,deny,13,1,1,37,199769,37,199769,07896363bde86b5a79b130c80fb974e408aa8f79c75ec314d9be03c2f9f591af,07896363bde86b5a79b130c80fb974e408aa8f79c75ec314d9be03c2f9f591af,37,199769,sentinelpath_protected_t,bounded_avc_log
hardlink_write,40,deny,13,1,1,37,199784,37,199784,07896363bde86b5a79b130c80fb974e408aa8f79c75ec314d9be03c2f9f591af,07896363bde86b5a79b130c80fb974e408aa8f79c75ec314d9be03c2f9f591af,37,199784,sentinelpath_protected_t,bounded_avc_log
hardlink_write,41,deny,13,1,1,37,199798,37,199798,07896363bde86b5a79b130c80fb974e408aa8f79c75ec314d9be03c2f9f591af,07896363bde86b5a79b130c80fb974e408aa8f79c75ec314d9be03c2f9f591af,37,199798,sentinelpath_protected_t,bounded_avc_log
hardlink_write,42,deny,13,1,1,37,199811,37,199811,07896363bde86b5a79b130c80fb974e408aa8f79c75ec314d9be03c2f9f591af,07896363bde86b5a79b130c80fb974e408aa8f79c75ec314d9be03c2f9f591af,37,199811,sentinelpath_protected_t,bounded_avc_log
hardlink_write,43,deny,13,1,1,37,199825,37,199825,07896363bde86b5a79b130c80fb974e408aa8f79c75ec314d9be03c2f9f591af,07896363bde86b5a79b130c80fb974e408aa8f79c75ec314d9be03c2f9f591af,37,199825,sentinelpath_protected_t,bounded_avc_log
hardlink_write,44,deny,13,1,1,37,199838,37,199838,07896363bde86b5a79b130c80fb974e408aa8f79c75ec314d9be03c2f9f591af,07896363bde86b5a79b130c80fb974e408aa8f79c75ec314d9be03c2f9f591af,37,199838,sentinelpath_protected_t,bounded_avc_log
hardlink_write,45,deny,13,1,1,37,199855,37,199855,07896363bde86b5a79b130c80fb974e408aa8f79c75ec314d9be03c2f9f591af,07896363bde86b5a79b130c80fb974e408aa8f79c75ec314d9be03c2f9f591af,37,199855,sentinelpath_protected_t,bounded_avc_log
hardlink_write,46,deny,13,1,1,37,199868,37,199868,07896363bde86b5a79b130c80fb974e408aa8f79c75ec314d9be03c2f9f591af,07896363bde86b5a79b130c80fb974e408aa8f79c75ec314d9be03c2f9f591af,37,199868,sentinelpath_protected_t,bounded_avc_log
hardlink_write,47,deny,13,1,1,37,199878,37,199878,07896363bde86b5a79b130c80fb974e408aa8f79c75ec314d9be03c2f9f591af,07896363bde86b5a79b130c80fb974e408aa8f79c75ec314d9be03c2f9f591af,37,199878,sentinelpath_protected_t,bounded_avc_log
hardlink_write,48,deny,13,1,1,37,199896,37,199896,07896363bde86b5a79b130c80fb974e408aa8f79c75ec314d9be03c2f9f591af,07896363bde86b5a79b130c80fb974e408aa8f79c75ec314d9be03c2f9f591af,37,199896,sentinelpath_protected_t,bounded_avc_log
hardlink_write,49,deny,13,1,1,37,199911,37,199911,07896363bde86b5a79b130c80fb974e408aa8f79c75ec314d9be03c2f9f591af,07896363bde86b5a79b130c80fb974e408aa8f79c75ec314d9be03c2f9f591af,37,199911,sentinelpath_protected_t,bounded_avc_log
hardlink_write,50,deny,13,1,1,37,199922,37,199922,07896363bde86b5a79b130c80fb974e408aa8f79c75ec314d9be03c2f9f591af,07896363bde86b5a79b130c80fb974e408aa8f79c75ec314d9be03c2f9f591af,37,199922,sentinelpath_protected_t,bounded_avc_log
hardlink_write,51,deny,13,1,1,37,199939,37,199939,07896363bde86b5a79b130c80fb974e408aa8f79c75ec314d9be03c2f9f591af,07896363bde86b5a79b130c80fb974e408aa8f79c75ec314d9be03c2f9f591af,37,199939,sentinelpath_protected_t,bounded_avc_log
hardlink_write,52,deny,13,1,1,37,199949,37,199949,07896363bde86b5a79b130c80fb974e408aa8f79c75ec314d9be03c2f9f591af,07896363bde86b5a79b130c80fb974e408aa8f79c75ec314d9be03c2f9f591af,37,199949,sentinelpath_protected_t,bounded_avc_log
hardlink_write,53,deny,13,1,1,37,199965,37,199965,07896363bde86b5a79b130c80fb974e408aa8f79c75ec314d9be03c2f9f591af,07896363bde86b5a79b130c80fb974e408aa8f79c75ec314d9be03c2f9f591af,37,199965,sentinelpath_protected_t,bounded_avc_log
hardlink_write,54,deny,13,1,1,37,199980,37,199980,07896363bde86b5a79b130c80fb974e408aa8f79c75ec314d9be03c2f9f591af,07896363bde86b5a79b130c80fb974e408aa8f79c75ec314d9be03c2f9f591af,37,199980,sentinelpath_protected_t,bounded_avc_log
hardlink_write,55,deny,13,1,1,37,199996,37,199996,07896363bde86b5a79b130c80fb974e408aa8f79c75ec314d9be03c2f9f591af,07896363bde86b5a79b130c80fb974e408aa8f79c75ec314d9be03c2f9f591af,37,199996,sentinelpath_protected_t,bounded_avc_log
hardlink_write,56,deny,13,1,1,37,200006,37,200006,07896363bde86b5a79b130c80fb974e408aa8f79c75ec314d9be03c2f9f591af,07896363bde86b5a79b130c80fb974e408aa8f79c75ec314d9be03c2f9f591af,37,200006,sentinelpath_protected_t,bounded_avc_log
hardlink_write,57,deny,13,1,1,37,200022,37,200022,07896363bde86b5a79b130c80fb974e408aa8f79c75ec314d9be03c2f9f591af,07896363bde86b5a79b130c80fb974e408aa8f79c75ec314d9be03c2f9f591af,37,200022,sentinelpath_protected_t,bounded_avc_log
hardlink_write,58,deny,13,1,1,37,200034,37,200034,07896363bde86b5a79b130c80fb974e408aa8f79c75ec314d9be03c2f9f591af,07896363bde86b5a79b130c80fb974e408aa8f79c75ec314d9be03c2f9f591af,37,200034,sentinelpath_protected_t,bounded_avc_log
hardlink_write,59,deny,13,1,1,37,200050,37,200050,07896363bde86b5a79b130c80fb974e408aa8f79c75ec314d9be03c2f9f591af,07896363bde86b5a79b130c80fb974e408aa8f79c75ec314d9be03c2f9f591af,37,200050,sentinelpath_protected_t,bounded_avc_log
hardlink_write,60,deny,13,1,1,37,200060,37,200060,07896363bde86b5a79b130c80fb974e408aa8f79c75ec314d9be03c2f9f591af,07896363bde86b5a79b130c80fb974e408aa8f79c75ec314d9be03c2f9f591af,37,200060,sentinelpath_protected_t,bounded_avc_log
hardlink_write,61,deny,13,1,1,37,200067,37,200067,07896363bde86b5a79b130c80fb974e408aa8f79c75ec314d9be03c2f9f591af,07896363bde86b5a79b130c80fb974e408aa8f79c75ec314d9be03c2f9f591af,37,200067,sentinelpath_protected_t,bounded_avc_log
hardlink_write,62,deny,13,1,1,37,200094,37,200094,07896363bde86b5a79b130c80fb974e408aa8f79c75ec314d9be03c2f9f591af,07896363bde86b5a79b130c80fb974e408aa8f79c75ec314d9be03c2f9f591af,37,200094,sentinelpath_protected_t,bounded_avc_log
hardlink_write,63,deny,13,1,1,37,200108,37,200108,07896363bde86b5a79b130c80fb974e408aa8f79c75ec314d9be03c2f9f591af,07896363bde86b5a79b130c80fb974e408aa8f79c75ec314d9be03c2f9f591af,37,200108,sentinelpath_protected_t,bounded_avc_log
hardlink_write,64,deny,13,1,1,37,200121,37,200121,07896363bde86b5a79b130c80fb974e408aa8f79c75ec314d9be03c2f9f591af,07896363bde86b5a79b130c80fb974e408aa8f79c75ec314d9be03c2f9f591af,37,200121,sentinelpath_protected_t,bounded_avc_log
hardlink_write,65,deny,13,1,1,37,200135,37,200135,07896363bde86b5a79b130c80fb974e408aa8f79c75ec314d9be03c2f9f591af,07896363bde86b5a79b130c80fb974e408aa8f79c75ec314d9be03c2f9f591af,37,200135,sentinelpath_protected_t,bounded_avc_log
hardlink_write,66,deny,13,1,1,37,200149,37,200149,07896363bde86b5a79b130c80fb974e408aa8f79c75ec314d9be03c2f9f591af,07896363bde86b5a79b130c80fb974e408aa8f79c75ec314d9be03c2f9f591af,37,200149,sentinelpath_protected_t,bounded_avc_log
hardlink_write,67,deny,13,1,1,37,200164,37,200164,07896363bde86b5a79b130c80fb974e408aa8f79c75ec314d9be03c2f9f591af,07896363bde86b5a79b130c80fb974e408aa8f79c75ec314d9be03c2f9f591af,37,200164,sentinelpath_protected_t,bounded_avc_log
hardlink_write,68,deny,13,1,1,37,200179,37,200179,07896363bde86b5a79b130c80fb974e408aa8f79c75ec314d9be03c2f9f591af,07896363bde86b5a79b130c80fb974e408aa8f79c75ec314d9be03c2f9f591af,37,200179,sentinelpath_protected_t,bounded_avc_log
hardlink_write,69,deny,13,1,1,37,200190,37,200190,07896363bde86b5a79b130c80fb974e408aa8f79c75ec314d9be03c2f9f591af,07896363bde86b5a79b130c80fb974e408aa8f79c75ec314d9be03c2f9f591af,37,200190,sentinelpath_protected_t,bounded_avc_log
hardlink_write,70,deny,13,1,1,37,200207,37,200207,07896363bde86b5a79b130c80fb974e408aa8f79c75ec314d9be03c2f9f591af,07896363bde86b5a79b130c80fb974e408aa8f79c75ec314d9be03c2f9f591af,37,200207,sentinelpath_protected_t,bounded_avc_log
hardlink_write,71,deny,13,1,1,37,200220,37,200220,07896363bde86b5a79b130c80fb974e408aa8f79c75ec314d9be03c2f9f591af,07896363bde86b5a79b130c80fb974e408aa8f79c75ec314d9be03c2f9f591af,37,200220,sentinelpath_protected_t,bounded_avc_log
hardlink_write,72,deny,13,1,1,37,200231,37,200231,07896363bde86b5a79b130c80fb974e408aa8f79c75ec314d9be03c2f9f591af,07896363bde86b5a79b130c80fb974e408aa8f79c75ec314d9be03c2f9f591af,37,200231,sentinelpath_protected_t,bounded_avc_log
hardlink_write,73,deny,13,1,1,37,200248,37,200248,07896363bde86b5a79b130c80fb974e408aa8f79c75ec314d9be03c2f9f591af,07896363bde86b5a79b130c80fb974e408aa8f79c75ec314d9be03c2f9f591af,37,200248,sentinelpath_protected_t,bounded_avc_log
hardlink_write,74,deny,13,1,1,37,200260,37,200260,07896363bde86b5a79b130c80fb974e408aa8f79c75ec314d9be03c2f9f591af,07896363bde86b5a79b130c80fb974e408aa8f79c75ec314d9be03c2f9f591af,37,200260,sentinelpath_protected_t,bounded_avc_log
hardlink_write,75,deny,13,1,1,37,200275,37,200275,07896363bde86b5a79b130c80fb974e408aa8f79c75ec314d9be03c2f9f591af,07896363bde86b5a79b130c80fb974e408aa8f79c75ec314d9be03c2f9f591af,37,200275,sentinelpath_protected_t,bounded_avc_log
hardlink_write,76,deny,13,1,1,37,200291,37,200291,07896363bde86b5a79b130c80fb974e408aa8f79c75ec314d9be03c2f9f591af,07896363bde86b5a79b130c80fb974e408aa8f79c75ec314d9be03c2f9f591af,37,200291,sentinelpath_protected_t,bounded_avc_log
hardlink_write,77,deny,13,1,1,37,200305,37,200305,07896363bde86b5a79b130c80fb974e408aa8f79c75ec314d9be03c2f9f591af,07896363bde86b5a79b130c80fb974e408aa8f79c75ec314d9be03c2f9f591af,37,200305,sentinelpath_protected_t,bounded_avc_log
hardlink_write,78,deny,13,1,1,37,200320,37,200320,07896363bde86b5a79b130c80fb974e408aa8f79c75ec314d9be03c2f9f591af,07896363bde86b5a79b130c80fb974e408aa8f79c75ec314d9be03c2f9f591af,37,200320,sentinelpath_protected_t,bounded_avc_log
hardlink_write,79,deny,13,1,1,37,200331,37,200331,07896363bde86b5a79b130c80fb974e408aa8f79c75ec314d9be03c2f9f591af,07896363bde86b5a79b130c80fb974e408aa8f79c75ec314d9be03c2f9f591af,37,200331,sentinelpath_protected_t,bounded_avc_log
hardlink_write,80,deny,13,1,1,37,200346,37,200346,07896363bde86b5a79b130c80fb974e408aa8f79c75ec314d9be03c2f9f591af,07896363bde86b5a79b130c80fb974e408aa8f79c75ec314d9be03c2f9f591af,37,200346,sentinelpath_protected_t,bounded_avc_log
hardlink_write,81,deny,13,1,1,37,200362,37,200362,07896363bde86b5a79b130c80fb974e408aa8f79c75ec314d9be03c2f9f591af,07896363bde86b5a79b130c80fb974e408aa8f79c75ec314d9be03c2f9f591af,37,200362,sentinelpath_protected_t,bounded_avc_log
hardlink_write,82,deny,13,1,1,37,200375,37,200375,07896363bde86b5a79b130c80fb974e408aa8f79c75ec314d9be03c2f9f591af,07896363bde86b5a79b130c80fb974e408aa8f79c75ec314d9be03c2f9f591af,37,200375,sentinelpath_protected_t,bounded_avc_log
hardlink_write,83,deny,13,1,1,37,200389,37,200389,07896363bde86b5a79b130c80fb974e408aa8f79c75ec314d9be03c2f9f591af,07896363bde86b5a79b130c80fb974e408aa8f79c75ec314d9be03c2f9f591af,37,200389,sentinelpath_protected_t,bounded_avc_log
hardlink_write,84,deny,13,1,1,37,200403,37,200403,07896363bde86b5a79b130c80fb974e408aa8f79c75ec314d9be03c2f9f591af,07896363bde86b5a79b130c80fb974e408aa8f79c75ec314d9be03c2f9f591af,37,200403,sentinelpath_protected_t,bounded_avc_log
hardlink_write,85,deny,13,1,1,37,200417,37,200417,07896363bde86b5a79b130c80fb974e408aa8f79c75ec314d9be03c2f9f591af,07896363bde86b5a79b130c80fb974e408aa8f79c75ec314d9be03c2f9f591af,37,200417,sentinelpath_protected_t,bounded_avc_log
hardlink_write,86,deny,13,1,1,37,200431,37,200431,07896363bde86b5a79b130c80fb974e408aa8f79c75ec314d9be03c2f9f591af,07896363bde86b5a79b130c80fb974e408aa8f79c75ec314d9be03c2f9f591af,37,200431,sentinelpath_protected_t,bounded_avc_log
hardlink_write,87,deny,13,1,1,37,200445,37,200445,07896363bde86b5a79b130c80fb974e408aa8f79c75ec314d9be03c2f9f591af,07896363bde86b5a79b130c80fb974e408aa8f79c75ec314d9be03c2f9f591af,37,200445,sentinelpath_protected_t,bounded_avc_log
hardlink_write,88,deny,13,1,1,37,200461,37,200461,07896363bde86b5a79b130c80fb974e408aa8f79c75ec314d9be03c2f9f591af,07896363bde86b5a79b130c80fb974e408aa8f79c75ec314d9be03c2f9f591af,37,200461,sentinelpath_protected_t,bounded_avc_log
hardlink_write,89,deny,13,1,1,37,200472,37,200472,07896363bde86b5a79b130c80fb974e408aa8f79c75ec314d9be03c2f9f591af,07896363bde86b5a79b130c80fb974e408aa8f79c75ec314d9be03c2f9f591af,37,200472,sentinelpath_protected_t,bounded_avc_log
hardlink_write,90,deny,13,1,1,37,200488,37,200488,07896363bde86b5a79b130c80fb974e408aa8f79c75ec314d9be03c2f9f591af,07896363bde86b5a79b130c80fb974e408aa8f79c75ec314d9be03c2f9f591af,37,200488,sentinelpath_protected_t,bounded_avc_log
hardlink_write,91,deny,13,1,1,37,200504,37,200504,07896363bde86b5a79b130c80fb974e408aa8f79c75ec314d9be03c2f9f591af,07896363bde86b5a79b130c80fb974e408aa8f79c75ec314d9be03c2f9f591af,37,200504,sentinelpath_protected_t,bounded_avc_log
hardlink_write,92,deny,13,1,1,37,200514,37,200514,07896363bde86b5a79b130c80fb974e408aa8f79c75ec314d9be03c2f9f591af,07896363bde86b5a79b130c80fb974e408aa8f79c75ec314d9be03c2f9f591af,37,200514,sentinelpath_protected_t,bounded_avc_log
hardlink_write,93,deny,13,1,1,37,200531,37,200531,07896363bde86b5a79b130c80fb974e408aa8f79c75ec314d9be03c2f9f591af,07896363bde86b5a79b130c80fb974e408aa8f79c75ec314d9be03c2f9f591af,37,200531,sentinelpath_protected_t,bounded_avc_log
hardlink_write,94,deny,13,1,1,37,200546,37,200546,07896363bde86b5a79b130c80fb974e408aa8f79c75ec314d9be03c2f9f591af,07896363bde86b5a79b130c80fb974e408aa8f79c75ec314d9be03c2f9f591af,37,200546,sentinelpath_protected_t,bounded_avc_log
hardlink_write,95,deny,13,1,1,37,200556,37,200556,07896363bde86b5a79b130c80fb974e408aa8f79c75ec314d9be03c2f9f591af,07896363bde86b5a79b130c80fb974e408aa8f79c75ec314d9be03c2f9f591af,37,200556,sentinelpath_protected_t,bounded_avc_log
hardlink_write,96,deny,13,1,1,37,200573,37,200573,07896363bde86b5a79b130c80fb974e408aa8f79c75ec314d9be03c2f9f591af,07896363bde86b5a79b130c80fb974e408aa8f79c75ec314d9be03c2f9f591af,37,200573,sentinelpath_protected_t,bounded_avc_log
hardlink_write,97,deny,13,1,1,37,200584,37,200584,07896363bde86b5a79b130c80fb974e408aa8f79c75ec314d9be03c2f9f591af,07896363bde86b5a79b130c80fb974e408aa8f79c75ec314d9be03c2f9f591af,37,200584,sentinelpath_protected_t,bounded_avc_log
hardlink_write,98,deny,13,1,1,37,200600,37,200600,07896363bde86b5a79b130c80fb974e408aa8f79c75ec314d9be03c2f9f591af,07896363bde86b5a79b130c80fb974e408aa8f79c75ec314d9be03c2f9f591af,37,200600,sentinelpath_protected_t,bounded_avc_log
hardlink_write,99,deny,13,1,1,37,200616,37,200616,07896363bde86b5a79b130c80fb974e408aa8f79c75ec314d9be03c2f9f591af,07896363bde86b5a79b130c80fb974e408aa8f79c75ec314d9be03c2f9f591af,37,200616,sentinelpath_protected_t,bounded_avc_log
hardlink_write,100,deny,13,1,1,37,200627,37,200627,07896363bde86b5a79b130c80fb974e408aa8f79c75ec314d9be03c2f9f591af,07896363bde86b5a79b130c80fb974e408aa8f79c75ec314d9be03c2f9f591af,37,200627,sentinelpath_protected_t,bounded_avc_log
rename_away,1,deny,13,1,1,37,200644,37,200644,07896363bde86b5a79b130c80fb974e408aa8f79c75ec314d9be03c2f9f591af,07896363bde86b5a79b130c80fb974e408aa8f79c75ec314d9be03c2f9f591af,37,200644,sentinelpath_protected_t,bounded_avc_log
rename_away,2,deny,13,1,1,37,200657,37,200657,07896363bde86b5a79b130c80fb974e408aa8f79c75ec314d9be03c2f9f591af,07896363bde86b5a79b130c80fb974e408aa8f79c75ec314d9be03c2f9f591af,37,200657,sentinelpath_protected_t,bounded_avc_log
rename_away,3,deny,13,1,1,37,200670,37,200670,07896363bde86b5a79b130c80fb974e408aa8f79c75ec314d9be03c2f9f591af,07896363bde86b5a79b130c80fb974e408aa8f79c75ec314d9be03c2f9f591af,37,200670,sentinelpath_protected_t,bounded_avc_log
rename_away,4,deny,13,1,1,37,200684,37,200684,07896363bde86b5a79b130c80fb974e408aa8f79c75ec314d9be03c2f9f591af,07896363bde86b5a79b130c80fb974e408aa8f79c75ec314d9be03c2f9f591af,37,200684,sentinelpath_protected_t,bounded_avc_log
rename_away,5,deny,13,1,1,37,200700,37,200700,07896363bde86b5a79b130c80fb974e408aa8f79c75ec314d9be03c2f9f591af,07896363bde86b5a79b130c80fb974e408aa8f79c75ec314d9be03c2f9f591af,37,200700,sentinelpath_protected_t,bounded_avc_log
rename_away,6,deny,13,1,1,37,200715,37,200715,07896363bde86b5a79b130c80fb974e408aa8f79c75ec314d9be03c2f9f591af,07896363bde86b5a79b130c80fb974e408aa8f79c75ec314d9be03c2f9f591af,37,200715,sentinelpath_protected_t,bounded_avc_log
rename_away,7,deny,13,1,1,37,200726,37,200726,07896363bde86b5a79b130c80fb974e408aa8f79c75ec314d9be03c2f9f591af,07896363bde86b5a79b130c80fb974e408aa8f79c75ec314d9be03c2f9f591af,37,200726,sentinelpath_protected_t,bounded_avc_log
rename_away,8,deny,13,1,1,37,200742,37,200742,07896363bde86b5a79b130c80fb974e408aa8f79c75ec314d9be03c2f9f591af,07896363bde86b5a79b130c80fb974e408aa8f79c75ec314d9be03c2f9f591af,37,200742,sentinelpath_protected_t,bounded_avc_log
rename_away,9,deny,13,1,1,37,200757,37,200757,07896363bde86b5a79b130c80fb974e408aa8f79c75ec314d9be03c2f9f591af,07896363bde86b5a79b130c80fb974e408aa8f79c75ec314d9be03c2f9f591af,37,200757,sentinelpath_protected_t,bounded_avc_log
rename_away,10,deny,13,1,1,37,200771,37,200771,07896363bde86b5a79b130c80fb974e408aa8f79c75ec314d9be03c2f9f591af,07896363bde86b5a79b130c80fb974e408aa8f79c75ec314d9be03c2f9f591af,37,200771,sentinelpath_protected_t,bounded_avc_log
rename_away,11,deny,13,1,1,37,200786,37,200786,07896363bde86b5a79b130c80fb974e408aa8f79c75ec314d9be03c2f9f591af,07896363bde86b5a79b130c80fb974e408aa8f79c75ec314d9be03c2f9f591af,37,200786,sentinelpath_protected_t,bounded_avc_log
rename_away,12,deny,13,1,1,37,200796,37,200796,07896363bde86b5a79b130c80fb974e408aa8f79c75ec314d9be03c2f9f591af,07896363bde86b5a79b130c80fb974e408aa8f79c75ec314d9be03c2f9f591af,37,200796,sentinelpath_protected_t,bounded_avc_log
rename_away,13,deny,13,1,1,37,200811,37,200811,07896363bde86b5a79b130c80fb974e408aa8f79c75ec314d9be03c2f9f591af,07896363bde86b5a79b130c80fb974e408aa8f79c75ec314d9be03c2f9f591af,37,200811,sentinelpath_protected_t,bounded_avc_log
rename_away,14,deny,13,1,1,37,200828,37,200828,07896363bde86b5a79b130c80fb974e408aa8f79c75ec314d9be03c2f9f591af,07896363bde86b5a79b130c80fb974e408aa8f79c75ec314d9be03c2f9f591af,37,200828,sentinelpath_protected_t,bounded_avc_log
rename_away,15,deny,13,1,1,37,200842,37,200842,07896363bde86b5a79b130c80fb974e408aa8f79c75ec314d9be03c2f9f591af,07896363bde86b5a79b130c80fb974e408aa8f79c75ec314d9be03c2f9f591af,37,200842,sentinelpath_protected_t,bounded_avc_log
rename_away,16,deny,13,1,1,37,200853,37,200853,07896363bde86b5a79b130c80fb974e408aa8f79c75ec314d9be03c2f9f591af,07896363bde86b5a79b130c80fb974e408aa8f79c75ec314d9be03c2f9f591af,37,200853,sentinelpath_protected_t,bounded_avc_log
rename_away,17,deny,13,1,1,37,200868,37,200868,07896363bde86b5a79b130c80fb974e408aa8f79c75ec314d9be03c2f9f591af,07896363bde86b5a79b130c80fb974e408aa8f79c75ec314d9be03c2f9f591af,37,200868,sentinelpath_protected_t,bounded_avc_log
rename_away,18,deny,13,1,1,37,200883,37,200883,07896363bde86b5a79b130c80fb974e408aa8f79c75ec314d9be03c2f9f591af,07896363bde86b5a79b130c80fb974e408aa8f79c75ec314d9be03c2f9f591af,37,200883,sentinelpath_protected_t,bounded_avc_log
rename_away,19,deny,13,1,1,37,200896,37,200896,07896363bde86b5a79b130c80fb974e408aa8f79c75ec314d9be03c2f9f591af,07896363bde86b5a79b130c80fb974e408aa8f79c75ec314d9be03c2f9f591af,37,200896,sentinelpath_protected_t,bounded_avc_log
rename_away,20,deny,13,1,1,37,200910,37,200910,07896363bde86b5a79b130c80fb974e408aa8f79c75ec314d9be03c2f9f591af,07896363bde86b5a79b130c80fb974e408aa8f79c75ec314d9be03c2f9f591af,37,200910,sentinelpath_protected_t,bounded_avc_log
rename_away,21,deny,13,1,1,37,200920,37,200920,07896363bde86b5a79b130c80fb974e408aa8f79c75ec314d9be03c2f9f591af,07896363bde86b5a79b130c80fb974e408aa8f79c75ec314d9be03c2f9f591af,37,200920,sentinelpath_protected_t,bounded_avc_log
rename_away,22,deny,13,1,1,37,200925,37,200925,07896363bde86b5a79b130c80fb974e408aa8f79c75ec314d9be03c2f9f591af,07896363bde86b5a79b130c80fb974e408aa8f79c75ec314d9be03c2f9f591af,37,200925,sentinelpath_protected_t,bounded_avc_log
rename_away,23,deny,13,1,1,37,200935,37,200935,07896363bde86b5a79b130c80fb974e408aa8f79c75ec314d9be03c2f9f591af,07896363bde86b5a79b130c80fb974e408aa8f79c75ec314d9be03c2f9f591af,37,200935,sentinelpath_protected_t,bounded_avc_log
rename_away,24,deny,13,1,1,37,200968,37,200968,07896363bde86b5a79b130c80fb974e408aa8f79c75ec314d9be03c2f9f591af,07896363bde86b5a79b130c80fb974e408aa8f79c75ec314d9be03c2f9f591af,37,200968,sentinelpath_protected_t,bounded_avc_log
rename_away,25,deny,13,1,1,37,200981,37,200981,07896363bde86b5a79b130c80fb974e408aa8f79c75ec314d9be03c2f9f591af,07896363bde86b5a79b130c80fb974e408aa8f79c75ec314d9be03c2f9f591af,37,200981,sentinelpath_protected_t,bounded_avc_log
rename_away,26,deny,13,1,1,37,200995,37,200995,07896363bde86b5a79b130c80fb974e408aa8f79c75ec314d9be03c2f9f591af,07896363bde86b5a79b130c80fb974e408aa8f79c75ec314d9be03c2f9f591af,37,200995,sentinelpath_protected_t,bounded_avc_log
rename_away,27,deny,13,1,1,37,201010,37,201010,07896363bde86b5a79b130c80fb974e408aa8f79c75ec314d9be03c2f9f591af,07896363bde86b5a79b130c80fb974e408aa8f79c75ec314d9be03c2f9f591af,37,201010,sentinelpath_protected_t,bounded_avc_log
rename_away,28,deny,13,1,1,37,201021,37,201021,07896363bde86b5a79b130c80fb974e408aa8f79c75ec314d9be03c2f9f591af,07896363bde86b5a79b130c80fb974e408aa8f79c75ec314d9be03c2f9f591af,37,201021,sentinelpath_protected_t,bounded_avc_log
rename_away,29,deny,13,1,1,37,201037,37,201037,07896363bde86b5a79b130c80fb974e408aa8f79c75ec314d9be03c2f9f591af,07896363bde86b5a79b130c80fb974e408aa8f79c75ec314d9be03c2f9f591af,37,201037,sentinelpath_protected_t,bounded_avc_log
rename_away,30,deny,13,1,1,37,201053,37,201053,07896363bde86b5a79b130c80fb974e408aa8f79c75ec314d9be03c2f9f591af,07896363bde86b5a79b130c80fb974e408aa8f79c75ec314d9be03c2f9f591af,37,201053,sentinelpath_protected_t,bounded_avc_log
rename_away,31,deny,13,1,1,37,201067,37,201067,07896363bde86b5a79b130c80fb974e408aa8f79c75ec314d9be03c2f9f591af,07896363bde86b5a79b130c80fb974e408aa8f79c75ec314d9be03c2f9f591af,37,201067,sentinelpath_protected_t,bounded_avc_log
rename_away,32,deny,13,1,1,37,201080,37,201080,07896363bde86b5a79b130c80fb974e408aa8f79c75ec314d9be03c2f9f591af,07896363bde86b5a79b130c80fb974e408aa8f79c75ec314d9be03c2f9f591af,37,201080,sentinelpath_protected_t,bounded_avc_log
rename_away,33,deny,13,1,1,37,201085,37,201085,07896363bde86b5a79b130c80fb974e408aa8f79c75ec314d9be03c2f9f591af,07896363bde86b5a79b130c80fb974e408aa8f79c75ec314d9be03c2f9f591af,37,201085,sentinelpath_protected_t,bounded_avc_log
rename_away,34,deny,13,1,1,37,201104,37,201104,07896363bde86b5a79b130c80fb974e408aa8f79c75ec314d9be03c2f9f591af,07896363bde86b5a79b130c80fb974e408aa8f79c75ec314d9be03c2f9f591af,37,201104,sentinelpath_protected_t,bounded_avc_log
rename_away,35,deny,13,1,1,37,201122,37,201122,07896363bde86b5a79b130c80fb974e408aa8f79c75ec314d9be03c2f9f591af,07896363bde86b5a79b130c80fb974e408aa8f79c75ec314d9be03c2f9f591af,37,201122,sentinelpath_protected_t,bounded_avc_log
rename_away,36,deny,13,1,1,37,201138,37,201138,07896363bde86b5a79b130c80fb974e408aa8f79c75ec314d9be03c2f9f591af,07896363bde86b5a79b130c80fb974e408aa8f79c75ec314d9be03c2f9f591af,37,201138,sentinelpath_protected_t,bounded_avc_log
rename_away,37,deny,13,1,1,37,201149,37,201149,07896363bde86b5a79b130c80fb974e408aa8f79c75ec314d9be03c2f9f591af,07896363bde86b5a79b130c80fb974e408aa8f79c75ec314d9be03c2f9f591af,37,201149,sentinelpath_protected_t,bounded_avc_log
rename_away,38,deny,13,1,1,37,201166,37,201166,07896363bde86b5a79b130c80fb974e408aa8f79c75ec314d9be03c2f9f591af,07896363bde86b5a79b130c80fb974e408aa8f79c75ec314d9be03c2f9f591af,37,201166,sentinelpath_protected_t,bounded_avc_log
rename_away,39,deny,13,1,1,37,201177,37,201177,07896363bde86b5a79b130c80fb974e408aa8f79c75ec314d9be03c2f9f591af,07896363bde86b5a79b130c80fb974e408aa8f79c75ec314d9be03c2f9f591af,37,201177,sentinelpath_protected_t,bounded_avc_log
rename_away,40,deny,13,1,1,37,201194,37,201194,07896363bde86b5a79b130c80fb974e408aa8f79c75ec314d9be03c2f9f591af,07896363bde86b5a79b130c80fb974e408aa8f79c75ec314d9be03c2f9f591af,37,201194,sentinelpath_protected_t,bounded_avc_log
rename_away,41,deny,13,1,1,37,201206,37,201206,07896363bde86b5a79b130c80fb974e408aa8f79c75ec314d9be03c2f9f591af,07896363bde86b5a79b130c80fb974e408aa8f79c75ec314d9be03c2f9f591af,37,201206,sentinelpath_protected_t,bounded_avc_log
rename_away,42,deny,13,1,1,37,201222,37,201222,07896363bde86b5a79b130c80fb974e408aa8f79c75ec314d9be03c2f9f591af,07896363bde86b5a79b130c80fb974e408aa8f79c75ec314d9be03c2f9f591af,37,201222,sentinelpath_protected_t,bounded_avc_log
rename_away,43,deny,13,1,1,37,201234,37,201234,07896363bde86b5a79b130c80fb974e408aa8f79c75ec314d9be03c2f9f591af,07896363bde86b5a79b130c80fb974e408aa8f79c75ec314d9be03c2f9f591af,37,201234,sentinelpath_protected_t,bounded_avc_log
rename_away,44,deny,13,1,1,37,201251,37,201251,07896363bde86b5a79b130c80fb974e408aa8f79c75ec314d9be03c2f9f591af,07896363bde86b5a79b130c80fb974e408aa8f79c75ec314d9be03c2f9f591af,37,201251,sentinelpath_protected_t,bounded_avc_log
rename_away,45,deny,13,1,1,37,201262,37,201262,07896363bde86b5a79b130c80fb974e408aa8f79c75ec314d9be03c2f9f591af,07896363bde86b5a79b130c80fb974e408aa8f79c75ec314d9be03c2f9f591af,37,201262,sentinelpath_protected_t,bounded_avc_log
rename_away,46,deny,13,1,1,37,201278,37,201278,07896363bde86b5a79b130c80fb974e408aa8f79c75ec314d9be03c2f9f591af,07896363bde86b5a79b130c80fb974e408aa8f79c75ec314d9be03c2f9f591af,37,201278,sentinelpath_protected_t,bounded_avc_log
rename_away,47,deny,13,1,1,37,201289,37,201289,07896363bde86b5a79b130c80fb974e408aa8f79c75ec314d9be03c2f9f591af,07896363bde86b5a79b130c80fb974e408aa8f79c75ec314d9be03c2f9f591af,37,201289,sentinelpath_protected_t,bounded_avc_log
rename_away,48,deny,13,1,1,37,201305,37,201305,07896363bde86b5a79b130c80fb974e408aa8f79c75ec314d9be03c2f9f591af,07896363bde86b5a79b130c80fb974e408aa8f79c75ec314d9be03c2f9f591af,37,201305,sentinelpath_protected_t,bounded_avc_log
rename_away,49,deny,13,1,1,37,201321,37,201321,07896363bde86b5a79b130c80fb974e408aa8f79c75ec314d9be03c2f9f591af,07896363bde86b5a79b130c80fb974e408aa8f79c75ec314d9be03c2f9f591af,37,201321,sentinelpath_protected_t,bounded_avc_log
rename_away,50,deny,13,1,1,37,201332,37,201332,07896363bde86b5a79b130c80fb974e408aa8f79c75ec314d9be03c2f9f591af,07896363bde86b5a79b130c80fb974e408aa8f79c75ec314d9be03c2f9f591af,37,201332,sentinelpath_protected_t,bounded_avc_log
rename_away,51,deny,13,1,1,37,201348,37,201348,07896363bde86b5a79b130c80fb974e408aa8f79c75ec314d9be03c2f9f591af,07896363bde86b5a79b130c80fb974e408aa8f79c75ec314d9be03c2f9f591af,37,201348,sentinelpath_protected_t,bounded_avc_log
rename_away,52,deny,13,1,1,37,201363,37,201363,07896363bde86b5a79b130c80fb974e408aa8f79c75ec314d9be03c2f9f591af,07896363bde86b5a79b130c80fb974e408aa8f79c75ec314d9be03c2f9f591af,37,201363,sentinelpath_protected_t,bounded_avc_log
rename_away,53,deny,13,1,1,37,201377,37,201377,07896363bde86b5a79b130c80fb974e408aa8f79c75ec314d9be03c2f9f591af,07896363bde86b5a79b130c80fb974e408aa8f79c75ec314d9be03c2f9f591af,37,201377,sentinelpath_protected_t,bounded_avc_log
rename_away,54,deny,13,1,1,37,201388,37,201388,07896363bde86b5a79b130c80fb974e408aa8f79c75ec314d9be03c2f9f591af,07896363bde86b5a79b130c80fb974e408aa8f79c75ec314d9be03c2f9f591af,37,201388,sentinelpath_protected_t,bounded_avc_log
rename_away,55,deny,13,1,1,37,201402,37,201402,07896363bde86b5a79b130c80fb974e408aa8f79c75ec314d9be03c2f9f591af,07896363bde86b5a79b130c80fb974e408aa8f79c75ec314d9be03c2f9f591af,37,201402,sentinelpath_protected_t,bounded_avc_log
rename_away,56,deny,13,1,1,37,201419,37,201419,07896363bde86b5a79b130c80fb974e408aa8f79c75ec314d9be03c2f9f591af,07896363bde86b5a79b130c80fb974e408aa8f79c75ec314d9be03c2f9f591af,37,201419,sentinelpath_protected_t,bounded_avc_log
rename_away,57,deny,13,1,1,37,201432,37,201432,07896363bde86b5a79b130c80fb974e408aa8f79c75ec314d9be03c2f9f591af,07896363bde86b5a79b130c80fb974e408aa8f79c75ec314d9be03c2f9f591af,37,201432,sentinelpath_protected_t,bounded_avc_log
rename_away,58,deny,13,1,1,37,201445,37,201445,07896363bde86b5a79b130c80fb974e408aa8f79c75ec314d9be03c2f9f591af,07896363bde86b5a79b130c80fb974e408aa8f79c75ec314d9be03c2f9f591af,37,201445,sentinelpath_protected_t,bounded_avc_log
rename_away,59,deny,13,1,1,37,201461,37,201461,07896363bde86b5a79b130c80fb974e408aa8f79c75ec314d9be03c2f9f591af,07896363bde86b5a79b130c80fb974e408aa8f79c75ec314d9be03c2f9f591af,37,201461,sentinelpath_protected_t,bounded_avc_log
rename_away,60,deny,13,1,1,37,201473,37,201473,07896363bde86b5a79b130c80fb974e408aa8f79c75ec314d9be03c2f9f591af,07896363bde86b5a79b130c80fb974e408aa8f79c75ec314d9be03c2f9f591af,37,201473,sentinelpath_protected_t,bounded_avc_log
rename_away,61,deny,13,1,1,37,201489,37,201489,07896363bde86b5a79b130c80fb974e408aa8f79c75ec314d9be03c2f9f591af,07896363bde86b5a79b130c80fb974e408aa8f79c75ec314d9be03c2f9f591af,37,201489,sentinelpath_protected_t,bounded_avc_log
rename_away,62,deny,13,1,1,37,201505,37,201505,07896363bde86b5a79b130c80fb974e408aa8f79c75ec314d9be03c2f9f591af,07896363bde86b5a79b130c80fb974e408aa8f79c75ec314d9be03c2f9f591af,37,201505,sentinelpath_protected_t,bounded_avc_log
rename_away,63,deny,13,1,1,37,201516,37,201516,07896363bde86b5a79b130c80fb974e408aa8f79c75ec314d9be03c2f9f591af,07896363bde86b5a79b130c80fb974e408aa8f79c75ec314d9be03c2f9f591af,37,201516,sentinelpath_protected_t,bounded_avc_log
rename_away,64,deny,13,1,1,37,201532,37,201532,07896363bde86b5a79b130c80fb974e408aa8f79c75ec314d9be03c2f9f591af,07896363bde86b5a79b130c80fb974e408aa8f79c75ec314d9be03c2f9f591af,37,201532,sentinelpath_protected_t,bounded_avc_log
rename_away,65,deny,13,1,1,37,201546,37,201546,07896363bde86b5a79b130c80fb974e408aa8f79c75ec314d9be03c2f9f591af,07896363bde86b5a79b130c80fb974e408aa8f79c75ec314d9be03c2f9f591af,37,201546,sentinelpath_protected_t,bounded_avc_log
rename_away,66,deny,13,1,1,37,201560,37,201560,07896363bde86b5a79b130c80fb974e408aa8f79c75ec314d9be03c2f9f591af,07896363bde86b5a79b130c80fb974e408aa8f79c75ec314d9be03c2f9f591af,37,201560,sentinelpath_protected_t,bounded_avc_log
rename_away,67,deny,13,1,1,37,201574,37,201574,07896363bde86b5a79b130c80fb974e408aa8f79c75ec314d9be03c2f9f591af,07896363bde86b5a79b130c80fb974e408aa8f79c75ec314d9be03c2f9f591af,37,201574,sentinelpath_protected_t,bounded_avc_log
rename_away,68,deny,13,1,1,37,201587,37,201587,07896363bde86b5a79b130c80fb974e408aa8f79c75ec314d9be03c2f9f591af,07896363bde86b5a79b130c80fb974e408aa8f79c75ec314d9be03c2f9f591af,37,201587,sentinelpath_protected_t,bounded_avc_log
rename_away,69,deny,13,1,1,37,201600,37,201600,07896363bde86b5a79b130c80fb974e408aa8f79c75ec314d9be03c2f9f591af,07896363bde86b5a79b130c80fb974e408aa8f79c75ec314d9be03c2f9f591af,37,201600,sentinelpath_protected_t,bounded_avc_log
rename_away,70,deny,13,1,1,37,201615,37,201615,07896363bde86b5a79b130c80fb974e408aa8f79c75ec314d9be03c2f9f591af,07896363bde86b5a79b130c80fb974e408aa8f79c75ec314d9be03c2f9f591af,37,201615,sentinelpath_protected_t,bounded_avc_log
rename_away,71,deny,13,1,1,37,201630,37,201630,07896363bde86b5a79b130c80fb974e408aa8f79c75ec314d9be03c2f9f591af,07896363bde86b5a79b130c80fb974e408aa8f79c75ec314d9be03c2f9f591af,37,201630,sentinelpath_protected_t,bounded_avc_log
rename_away,72,deny,13,1,1,37,201644,37,201644,07896363bde86b5a79b130c80fb974e408aa8f79c75ec314d9be03c2f9f591af,07896363bde86b5a79b130c80fb974e408aa8f79c75ec314d9be03c2f9f591af,37,201644,sentinelpath_protected_t,bounded_avc_log
rename_away,73,deny,13,1,1,37,201659,37,201659,07896363bde86b5a79b130c80fb974e408aa8f79c75ec314d9be03c2f9f591af,07896363bde86b5a79b130c80fb974e408aa8f79c75ec314d9be03c2f9f591af,37,201659,sentinelpath_protected_t,bounded_avc_log
rename_away,74,deny,13,1,1,37,201672,37,201672,07896363bde86b5a79b130c80fb974e408aa8f79c75ec314d9be03c2f9f591af,07896363bde86b5a79b130c80fb974e408aa8f79c75ec314d9be03c2f9f591af,37,201672,sentinelpath_protected_t,bounded_avc_log
rename_away,75,deny,13,1,1,37,201687,37,201687,07896363bde86b5a79b130c80fb974e408aa8f79c75ec314d9be03c2f9f591af,07896363bde86b5a79b130c80fb974e408aa8f79c75ec314d9be03c2f9f591af,37,201687,sentinelpath_protected_t,bounded_avc_log
rename_away,76,deny,13,1,1,37,201700,37,201700,07896363bde86b5a79b130c80fb974e408aa8f79c75ec314d9be03c2f9f591af,07896363bde86b5a79b130c80fb974e408aa8f79c75ec314d9be03c2f9f591af,37,201700,sentinelpath_protected_t,bounded_avc_log
rename_away,77,deny,13,1,1,37,201715,37,201715,07896363bde86b5a79b130c80fb974e408aa8f79c75ec314d9be03c2f9f591af,07896363bde86b5a79b130c80fb974e408aa8f79c75ec314d9be03c2f9f591af,37,201715,sentinelpath_protected_t,bounded_avc_log
rename_away,78,deny,13,1,1,37,201730,37,201730,07896363bde86b5a79b130c80fb974e408aa8f79c75ec314d9be03c2f9f591af,07896363bde86b5a79b130c80fb974e408aa8f79c75ec314d9be03c2f9f591af,37,201730,sentinelpath_protected_t,bounded_avc_log
rename_away,79,deny,13,1,1,37,201743,37,201743,07896363bde86b5a79b130c80fb974e408aa8f79c75ec314d9be03c2f9f591af,07896363bde86b5a79b130c80fb974e408aa8f79c75ec314d9be03c2f9f591af,37,201743,sentinelpath_protected_t,bounded_avc_log
rename_away,80,deny,13,1,1,37,201758,37,201758,07896363bde86b5a79b130c80fb974e408aa8f79c75ec314d9be03c2f9f591af,07896363bde86b5a79b130c80fb974e408aa8f79c75ec314d9be03c2f9f591af,37,201758,sentinelpath_protected_t,bounded_avc_log
rename_away,81,deny,13,1,1,37,201771,37,201771,07896363bde86b5a79b130c80fb974e408aa8f79c75ec314d9be03c2f9f591af,07896363bde86b5a79b130c80fb974e408aa8f79c75ec314d9be03c2f9f591af,37,201771,sentinelpath_protected_t,bounded_avc_log
rename_away,82,deny,13,1,1,37,201786,37,201786,07896363bde86b5a79b130c80fb974e408aa8f79c75ec314d9be03c2f9f591af,07896363bde86b5a79b130c80fb974e408aa8f79c75ec314d9be03c2f9f591af,37,201786,sentinelpath_protected_t,bounded_avc_log
rename_away,83,deny,13,1,1,37,201800,37,201800,07896363bde86b5a79b130c80fb974e408aa8f79c75ec314d9be03c2f9f591af,07896363bde86b5a79b130c80fb974e408aa8f79c75ec314d9be03c2f9f591af,37,201800,sentinelpath_protected_t,bounded_avc_log
rename_away,84,deny,13,1,1,37,201810,37,201810,07896363bde86b5a79b130c80fb974e408aa8f79c75ec314d9be03c2f9f591af,07896363bde86b5a79b130c80fb974e408aa8f79c75ec314d9be03c2f9f591af,37,201810,sentinelpath_protected_t,bounded_avc_log
rename_away,85,deny,13,1,1,37,201816,37,201816,07896363bde86b5a79b130c80fb974e408aa8f79c75ec314d9be03c2f9f591af,07896363bde86b5a79b130c80fb974e408aa8f79c75ec314d9be03c2f9f591af,37,201816,sentinelpath_protected_t,bounded_avc_log
rename_away,86,deny,13,1,1,37,201845,37,201845,07896363bde86b5a79b130c80fb974e408aa8f79c75ec314d9be03c2f9f591af,07896363bde86b5a79b130c80fb974e408aa8f79c75ec314d9be03c2f9f591af,37,201845,sentinelpath_protected_t,bounded_avc_log
rename_away,87,deny,13,1,1,37,201862,37,201862,07896363bde86b5a79b130c80fb974e408aa8f79c75ec314d9be03c2f9f591af,07896363bde86b5a79b130c80fb974e408aa8f79c75ec314d9be03c2f9f591af,37,201862,sentinelpath_protected_t,bounded_avc_log
rename_away,88,deny,13,1,1,37,201876,37,201876,07896363bde86b5a79b130c80fb974e408aa8f79c75ec314d9be03c2f9f591af,07896363bde86b5a79b130c80fb974e408aa8f79c75ec314d9be03c2f9f591af,37,201876,sentinelpath_protected_t,bounded_avc_log
rename_away,89,deny,13,1,1,37,201890,37,201890,07896363bde86b5a79b130c80fb974e408aa8f79c75ec314d9be03c2f9f591af,07896363bde86b5a79b130c80fb974e408aa8f79c75ec314d9be03c2f9f591af,37,201890,sentinelpath_protected_t,bounded_avc_log
rename_away,90,deny,13,1,1,37,201904,37,201904,07896363bde86b5a79b130c80fb974e408aa8f79c75ec314d9be03c2f9f591af,07896363bde86b5a79b130c80fb974e408aa8f79c75ec314d9be03c2f9f591af,37,201904,sentinelpath_protected_t,bounded_avc_log
rename_away,91,deny,13,1,1,37,201915,37,201915,07896363bde86b5a79b130c80fb974e408aa8f79c75ec314d9be03c2f9f591af,07896363bde86b5a79b130c80fb974e408aa8f79c75ec314d9be03c2f9f591af,37,201915,sentinelpath_protected_t,bounded_avc_log
rename_away,92,deny,13,1,1,37,201932,37,201932,07896363bde86b5a79b130c80fb974e408aa8f79c75ec314d9be03c2f9f591af,07896363bde86b5a79b130c80fb974e408aa8f79c75ec314d9be03c2f9f591af,37,201932,sentinelpath_protected_t,bounded_avc_log
rename_away,93,deny,13,1,1,37,201947,37,201947,07896363bde86b5a79b130c80fb974e408aa8f79c75ec314d9be03c2f9f591af,07896363bde86b5a79b130c80fb974e408aa8f79c75ec314d9be03c2f9f591af,37,201947,sentinelpath_protected_t,bounded_avc_log
rename_away,94,deny,13,1,1,37,201957,37,201957,07896363bde86b5a79b130c80fb974e408aa8f79c75ec314d9be03c2f9f591af,07896363bde86b5a79b130c80fb974e408aa8f79c75ec314d9be03c2f9f591af,37,201957,sentinelpath_protected_t,bounded_avc_log
rename_away,95,deny,13,1,1,37,201973,37,201973,07896363bde86b5a79b130c80fb974e408aa8f79c75ec314d9be03c2f9f591af,07896363bde86b5a79b130c80fb974e408aa8f79c75ec314d9be03c2f9f591af,37,201973,sentinelpath_protected_t,bounded_avc_log
rename_away,96,deny,13,1,1,37,201989,37,201989,07896363bde86b5a79b130c80fb974e408aa8f79c75ec314d9be03c2f9f591af,07896363bde86b5a79b130c80fb974e408aa8f79c75ec314d9be03c2f9f591af,37,201989,sentinelpath_protected_t,bounded_avc_log
rename_away,97,deny,13,1,1,37,202001,37,202001,07896363bde86b5a79b130c80fb974e408aa8f79c75ec314d9be03c2f9f591af,07896363bde86b5a79b130c80fb974e408aa8f79c75ec314d9be03c2f9f591af,37,202001,sentinelpath_protected_t,bounded_avc_log
rename_away,98,deny,13,1,1,37,202016,37,202016,07896363bde86b5a79b130c80fb974e408aa8f79c75ec314d9be03c2f9f591af,07896363bde86b5a79b130c80fb974e408aa8f79c75ec314d9be03c2f9f591af,37,202016,sentinelpath_protected_t,bounded_avc_log
rename_away,99,deny,13,1,1,37,202031,37,202031,07896363bde86b5a79b130c80fb974e408aa8f79c75ec314d9be03c2f9f591af,07896363bde86b5a79b130c80fb974e408aa8f79c75ec314d9be03c2f9f591af,37,202031,sentinelpath_protected_t,bounded_avc_log
rename_away,100,deny,13,1,1,37,202043,37,202043,07896363bde86b5a79b130c80fb974e408aa8f79c75ec314d9be03c2f9f591af,07896363bde86b5a79b130c80fb974e408aa8f79c75ec314d9be03c2f9f591af,37,202043,sentinelpath_protected_t,bounded_avc_log
rename_overwrite,1,deny,13,1,1,37,202059,37,202059,07896363bde86b5a79b130c80fb974e408aa8f79c75ec314d9be03c2f9f591af,07896363bde86b5a79b130c80fb974e408aa8f79c75ec314d9be03c2f9f591af,37,202059,sentinelpath_protected_t,bounded_avc_log
rename_overwrite,2,deny,13,1,1,37,202073,37,202073,07896363bde86b5a79b130c80fb974e408aa8f79c75ec314d9be03c2f9f591af,07896363bde86b5a79b130c80fb974e408aa8f79c75ec314d9be03c2f9f591af,37,202073,sentinelpath_protected_t,bounded_avc_log
rename_overwrite,3,deny,13,1,1,37,202086,37,202086,07896363bde86b5a79b130c80fb974e408aa8f79c75ec314d9be03c2f9f591af,07896363bde86b5a79b130c80fb974e408aa8f79c75ec314d9be03c2f9f591af,37,202086,sentinelpath_protected_t,bounded_avc_log
rename_overwrite,4,deny,13,1,1,37,202101,37,202101,07896363bde86b5a79b130c80fb974e408aa8f79c75ec314d9be03c2f9f591af,07896363bde86b5a79b130c80fb974e408aa8f79c75ec314d9be03c2f9f591af,37,202101,sentinelpath_protected_t,bounded_avc_log
rename_overwrite,5,deny,13,1,1,37,202115,37,202115,07896363bde86b5a79b130c80fb974e408aa8f79c75ec314d9be03c2f9f591af,07896363bde86b5a79b130c80fb974e408aa8f79c75ec314d9be03c2f9f591af,37,202115,sentinelpath_protected_t,bounded_avc_log
rename_overwrite,6,deny,13,1,1,37,202130,37,202130,07896363bde86b5a79b130c80fb974e408aa8f79c75ec314d9be03c2f9f591af,07896363bde86b5a79b130c80fb974e408aa8f79c75ec314d9be03c2f9f591af,37,202130,sentinelpath_protected_t,bounded_avc_log
rename_overwrite,7,deny,13,1,1,37,202138,37,202138,07896363bde86b5a79b130c80fb974e408aa8f79c75ec314d9be03c2f9f591af,07896363bde86b5a79b130c80fb974e408aa8f79c75ec314d9be03c2f9f591af,37,202138,sentinelpath_protected_t,bounded_avc_log
rename_overwrite,8,deny,13,1,1,37,202143,37,202143,07896363bde86b5a79b130c80fb974e408aa8f79c75ec314d9be03c2f9f591af,07896363bde86b5a79b130c80fb974e408aa8f79c75ec314d9be03c2f9f591af,37,202143,sentinelpath_protected_t,bounded_avc_log
rename_overwrite,9,deny,13,1,1,37,202151,37,202151,07896363bde86b5a79b130c80fb974e408aa8f79c75ec314d9be03c2f9f591af,07896363bde86b5a79b130c80fb974e408aa8f79c75ec314d9be03c2f9f591af,37,202151,sentinelpath_protected_t,bounded_avc_log
rename_overwrite,10,deny,13,1,1,37,202156,37,202156,07896363bde86b5a79b130c80fb974e408aa8f79c75ec314d9be03c2f9f591af,07896363bde86b5a79b130c80fb974e408aa8f79c75ec314d9be03c2f9f591af,37,202156,sentinelpath_protected_t,bounded_avc_log
rename_overwrite,11,deny,13,1,1,37,202161,37,202161,07896363bde86b5a79b130c80fb974e408aa8f79c75ec314d9be03c2f9f591af,07896363bde86b5a79b130c80fb974e408aa8f79c75ec314d9be03c2f9f591af,37,202161,sentinelpath_protected_t,bounded_avc_log
rename_overwrite,12,deny,13,1,1,37,202183,37,202183,07896363bde86b5a79b130c80fb974e408aa8f79c75ec314d9be03c2f9f591af,07896363bde86b5a79b130c80fb974e408aa8f79c75ec314d9be03c2f9f591af,37,202183,sentinelpath_protected_t,bounded_avc_log
rename_overwrite,13,deny,13,1,1,37,202188,37,202188,07896363bde86b5a79b130c80fb974e408aa8f79c75ec314d9be03c2f9f591af,07896363bde86b5a79b130c80fb974e408aa8f79c75ec314d9be03c2f9f591af,37,202188,sentinelpath_protected_t,bounded_avc_log
rename_overwrite,14,deny,13,1,1,37,202240,37,202240,07896363bde86b5a79b130c80fb974e408aa8f79c75ec314d9be03c2f9f591af,07896363bde86b5a79b130c80fb974e408aa8f79c75ec314d9be03c2f9f591af,37,202240,sentinelpath_protected_t,bounded_avc_log
rename_overwrite,15,deny,13,1,1,37,202256,37,202256,07896363bde86b5a79b130c80fb974e408aa8f79c75ec314d9be03c2f9f591af,07896363bde86b5a79b130c80fb974e408aa8f79c75ec314d9be03c2f9f591af,37,202256,sentinelpath_protected_t,bounded_avc_log
rename_overwrite,16,deny,13,1,1,37,202269,37,202269,07896363bde86b5a79b130c80fb974e408aa8f79c75ec314d9be03c2f9f591af,07896363bde86b5a79b130c80fb974e408aa8f79c75ec314d9be03c2f9f591af,37,202269,sentinelpath_protected_t,bounded_avc_log
rename_overwrite,17,deny,13,1,1,37,202284,37,202284,07896363bde86b5a79b130c80fb974e408aa8f79c75ec314d9be03c2f9f591af,07896363bde86b5a79b130c80fb974e408aa8f79c75ec314d9be03c2f9f591af,37,202284,sentinelpath_protected_t,bounded_avc_log
rename_overwrite,18,deny,13,1,1,37,202299,37,202299,07896363bde86b5a79b130c80fb974e408aa8f79c75ec314d9be03c2f9f591af,07896363bde86b5a79b130c80fb974e408aa8f79c75ec314d9be03c2f9f591af,37,202299,sentinelpath_protected_t,bounded_avc_log
rename_overwrite,19,deny,13,1,1,37,202312,37,202312,07896363bde86b5a79b130c80fb974e408aa8f79c75ec314d9be03c2f9f591af,07896363bde86b5a79b130c80fb974e408aa8f79c75ec314d9be03c2f9f591af,37,202312,sentinelpath_protected_t,bounded_avc_log
rename_overwrite,20,deny,13,1,1,37,202325,37,202325,07896363bde86b5a79b130c80fb974e408aa8f79c75ec314d9be03c2f9f591af,07896363bde86b5a79b130c80fb974e408aa8f79c75ec314d9be03c2f9f591af,37,202325,sentinelpath_protected_t,bounded_avc_log
rename_overwrite,21,deny,13,1,1,37,202340,37,202340,07896363bde86b5a79b130c80fb974e408aa8f79c75ec314d9be03c2f9f591af,07896363bde86b5a79b130c80fb974e408aa8f79c75ec314d9be03c2f9f591af,37,202340,sentinelpath_protected_t,bounded_avc_log
rename_overwrite,22,deny,13,1,1,37,202355,37,202355,07896363bde86b5a79b130c80fb974e408aa8f79c75ec314d9be03c2f9f591af,07896363bde86b5a79b130c80fb974e408aa8f79c75ec314d9be03c2f9f591af,37,202355,sentinelpath_protected_t,bounded_avc_log
rename_overwrite,23,deny,13,1,1,37,202367,37,202367,07896363bde86b5a79b130c80fb974e408aa8f79c75ec314d9be03c2f9f591af,07896363bde86b5a79b130c80fb974e408aa8f79c75ec314d9be03c2f9f591af,37,202367,sentinelpath_protected_t,bounded_avc_log
rename_overwrite,24,deny,13,1,1,37,202383,37,202383,07896363bde86b5a79b130c80fb974e408aa8f79c75ec314d9be03c2f9f591af,07896363bde86b5a79b130c80fb974e408aa8f79c75ec314d9be03c2f9f591af,37,202383,sentinelpath_protected_t,bounded_avc_log
rename_overwrite,25,deny,13,1,1,37,202396,37,202396,07896363bde86b5a79b130c80fb974e408aa8f79c75ec314d9be03c2f9f591af,07896363bde86b5a79b130c80fb974e408aa8f79c75ec314d9be03c2f9f591af,37,202396,sentinelpath_protected_t,bounded_avc_log
rename_overwrite,26,deny,13,1,1,37,202409,37,202409,07896363bde86b5a79b130c80fb974e408aa8f79c75ec314d9be03c2f9f591af,07896363bde86b5a79b130c80fb974e408aa8f79c75ec314d9be03c2f9f591af,37,202409,sentinelpath_protected_t,bounded_avc_log
rename_overwrite,27,deny,13,1,1,37,202424,37,202424,07896363bde86b5a79b130c80fb974e408aa8f79c75ec314d9be03c2f9f591af,07896363bde86b5a79b130c80fb974e408aa8f79c75ec314d9be03c2f9f591af,37,202424,sentinelpath_protected_t,bounded_avc_log
rename_overwrite,28,deny,13,1,1,37,202440,37,202440,07896363bde86b5a79b130c80fb974e408aa8f79c75ec314d9be03c2f9f591af,07896363bde86b5a79b130c80fb974e408aa8f79c75ec314d9be03c2f9f591af,37,202440,sentinelpath_protected_t,bounded_avc_log
rename_overwrite,29,deny,13,1,1,37,202451,37,202451,07896363bde86b5a79b130c80fb974e408aa8f79c75ec314d9be03c2f9f591af,07896363bde86b5a79b130c80fb974e408aa8f79c75ec314d9be03c2f9f591af,37,202451,sentinelpath_protected_t,bounded_avc_log
rename_overwrite,30,deny,13,1,1,37,202468,37,202468,07896363bde86b5a79b130c80fb974e408aa8f79c75ec314d9be03c2f9f591af,07896363bde86b5a79b130c80fb974e408aa8f79c75ec314d9be03c2f9f591af,37,202468,sentinelpath_protected_t,bounded_avc_log
rename_overwrite,31,deny,13,1,1,37,202483,37,202483,07896363bde86b5a79b130c80fb974e408aa8f79c75ec314d9be03c2f9f591af,07896363bde86b5a79b130c80fb974e408aa8f79c75ec314d9be03c2f9f591af,37,202483,sentinelpath_protected_t,bounded_avc_log
rename_overwrite,32,deny,13,1,1,37,202495,37,202495,07896363bde86b5a79b130c80fb974e408aa8f79c75ec314d9be03c2f9f591af,07896363bde86b5a79b130c80fb974e408aa8f79c75ec314d9be03c2f9f591af,37,202495,sentinelpath_protected_t,bounded_avc_log
rename_overwrite,33,deny,13,1,1,37,202511,37,202511,07896363bde86b5a79b130c80fb974e408aa8f79c75ec314d9be03c2f9f591af,07896363bde86b5a79b130c80fb974e408aa8f79c75ec314d9be03c2f9f591af,37,202511,sentinelpath_protected_t,bounded_avc_log
rename_overwrite,34,deny,13,1,1,37,202522,37,202522,07896363bde86b5a79b130c80fb974e408aa8f79c75ec314d9be03c2f9f591af,07896363bde86b5a79b130c80fb974e408aa8f79c75ec314d9be03c2f9f591af,37,202522,sentinelpath_protected_t,bounded_avc_log
rename_overwrite,35,deny,13,1,1,37,202537,37,202537,07896363bde86b5a79b130c80fb974e408aa8f79c75ec314d9be03c2f9f591af,07896363bde86b5a79b130c80fb974e408aa8f79c75ec314d9be03c2f9f591af,37,202537,sentinelpath_protected_t,bounded_avc_log
rename_overwrite,36,deny,13,1,1,37,202553,37,202553,07896363bde86b5a79b130c80fb974e408aa8f79c75ec314d9be03c2f9f591af,07896363bde86b5a79b130c80fb974e408aa8f79c75ec314d9be03c2f9f591af,37,202553,sentinelpath_protected_t,bounded_avc_log
rename_overwrite,37,deny,13,1,1,37,202564,37,202564,07896363bde86b5a79b130c80fb974e408aa8f79c75ec314d9be03c2f9f591af,07896363bde86b5a79b130c80fb974e408aa8f79c75ec314d9be03c2f9f591af,37,202564,sentinelpath_protected_t,bounded_avc_log
rename_overwrite,38,deny,13,1,1,37,202580,37,202580,07896363bde86b5a79b130c80fb974e408aa8f79c75ec314d9be03c2f9f591af,07896363bde86b5a79b130c80fb974e408aa8f79c75ec314d9be03c2f9f591af,37,202580,sentinelpath_protected_t,bounded_avc_log
rename_overwrite,39,deny,13,1,1,37,202594,37,202594,07896363bde86b5a79b130c80fb974e408aa8f79c75ec314d9be03c2f9f591af,07896363bde86b5a79b130c80fb974e408aa8f79c75ec314d9be03c2f9f591af,37,202594,sentinelpath_protected_t,bounded_avc_log
rename_overwrite,40,deny,13,1,1,37,202610,37,202610,07896363bde86b5a79b130c80fb974e408aa8f79c75ec314d9be03c2f9f591af,07896363bde86b5a79b130c80fb974e408aa8f79c75ec314d9be03c2f9f591af,37,202610,sentinelpath_protected_t,bounded_avc_log
rename_overwrite,41,deny,13,1,1,37,202621,37,202621,07896363bde86b5a79b130c80fb974e408aa8f79c75ec314d9be03c2f9f591af,07896363bde86b5a79b130c80fb974e408aa8f79c75ec314d9be03c2f9f591af,37,202621,sentinelpath_protected_t,bounded_avc_log
rename_overwrite,42,deny,13,1,1,37,202637,37,202637,07896363bde86b5a79b130c80fb974e408aa8f79c75ec314d9be03c2f9f591af,07896363bde86b5a79b130c80fb974e408aa8f79c75ec314d9be03c2f9f591af,37,202637,sentinelpath_protected_t,bounded_avc_log
rename_overwrite,43,deny,13,1,1,37,202650,37,202650,07896363bde86b5a79b130c80fb974e408aa8f79c75ec314d9be03c2f9f591af,07896363bde86b5a79b130c80fb974e408aa8f79c75ec314d9be03c2f9f591af,37,202650,sentinelpath_protected_t,bounded_avc_log
rename_overwrite,44,deny,13,1,1,37,202658,37,202658,07896363bde86b5a79b130c80fb974e408aa8f79c75ec314d9be03c2f9f591af,07896363bde86b5a79b130c80fb974e408aa8f79c75ec314d9be03c2f9f591af,37,202658,sentinelpath_protected_t,bounded_avc_log
rename_overwrite,45,deny,13,1,1,37,202663,37,202663,07896363bde86b5a79b130c80fb974e408aa8f79c75ec314d9be03c2f9f591af,07896363bde86b5a79b130c80fb974e408aa8f79c75ec314d9be03c2f9f591af,37,202663,sentinelpath_protected_t,bounded_avc_log
rename_overwrite,46,deny,13,1,1,37,202668,37,202668,07896363bde86b5a79b130c80fb974e408aa8f79c75ec314d9be03c2f9f591af,07896363bde86b5a79b130c80fb974e408aa8f79c75ec314d9be03c2f9f591af,37,202668,sentinelpath_protected_t,bounded_avc_log
rename_overwrite,47,deny,13,1,1,37,202707,37,202707,07896363bde86b5a79b130c80fb974e408aa8f79c75ec314d9be03c2f9f591af,07896363bde86b5a79b130c80fb974e408aa8f79c75ec314d9be03c2f9f591af,37,202707,sentinelpath_protected_t,bounded_avc_log
rename_overwrite,48,deny,13,1,1,37,202719,37,202719,07896363bde86b5a79b130c80fb974e408aa8f79c75ec314d9be03c2f9f591af,07896363bde86b5a79b130c80fb974e408aa8f79c75ec314d9be03c2f9f591af,37,202719,sentinelpath_protected_t,bounded_avc_log
rename_overwrite,49,deny,13,1,1,37,202736,37,202736,07896363bde86b5a79b130c80fb974e408aa8f79c75ec314d9be03c2f9f591af,07896363bde86b5a79b130c80fb974e408aa8f79c75ec314d9be03c2f9f591af,37,202736,sentinelpath_protected_t,bounded_avc_log
rename_overwrite,50,deny,13,1,1,37,202751,37,202751,07896363bde86b5a79b130c80fb974e408aa8f79c75ec314d9be03c2f9f591af,07896363bde86b5a79b130c80fb974e408aa8f79c75ec314d9be03c2f9f591af,37,202751,sentinelpath_protected_t,bounded_avc_log
rename_overwrite,51,deny,13,1,1,37,202762,37,202762,07896363bde86b5a79b130c80fb974e408aa8f79c75ec314d9be03c2f9f591af,07896363bde86b5a79b130c80fb974e408aa8f79c75ec314d9be03c2f9f591af,37,202762,sentinelpath_protected_t,bounded_avc_log
rename_overwrite,52,deny,13,1,1,37,202776,37,202776,07896363bde86b5a79b130c80fb974e408aa8f79c75ec314d9be03c2f9f591af,07896363bde86b5a79b130c80fb974e408aa8f79c75ec314d9be03c2f9f591af,37,202776,sentinelpath_protected_t,bounded_avc_log
rename_overwrite,53,deny,13,1,1,37,202790,37,202790,07896363bde86b5a79b130c80fb974e408aa8f79c75ec314d9be03c2f9f591af,07896363bde86b5a79b130c80fb974e408aa8f79c75ec314d9be03c2f9f591af,37,202790,sentinelpath_protected_t,bounded_avc_log
rename_overwrite,54,deny,13,1,1,37,202807,37,202807,07896363bde86b5a79b130c80fb974e408aa8f79c75ec314d9be03c2f9f591af,07896363bde86b5a79b130c80fb974e408aa8f79c75ec314d9be03c2f9f591af,37,202807,sentinelpath_protected_t,bounded_avc_log
rename_overwrite,55,deny,13,1,1,37,202812,37,202812,07896363bde86b5a79b130c80fb974e408aa8f79c75ec314d9be03c2f9f591af,07896363bde86b5a79b130c80fb974e408aa8f79c75ec314d9be03c2f9f591af,37,202812,sentinelpath_protected_t,bounded_avc_log
rename_overwrite,56,deny,13,1,1,37,202831,37,202831,07896363bde86b5a79b130c80fb974e408aa8f79c75ec314d9be03c2f9f591af,07896363bde86b5a79b130c80fb974e408aa8f79c75ec314d9be03c2f9f591af,37,202831,sentinelpath_protected_t,bounded_avc_log
rename_overwrite,57,deny,13,1,1,37,202847,37,202847,07896363bde86b5a79b130c80fb974e408aa8f79c75ec314d9be03c2f9f591af,07896363bde86b5a79b130c80fb974e408aa8f79c75ec314d9be03c2f9f591af,37,202847,sentinelpath_protected_t,bounded_avc_log
rename_overwrite,58,deny,13,1,1,37,202860,37,202860,07896363bde86b5a79b130c80fb974e408aa8f79c75ec314d9be03c2f9f591af,07896363bde86b5a79b130c80fb974e408aa8f79c75ec314d9be03c2f9f591af,37,202860,sentinelpath_protected_t,bounded_avc_log
rename_overwrite,59,deny,13,1,1,37,202875,37,202875,07896363bde86b5a79b130c80fb974e408aa8f79c75ec314d9be03c2f9f591af,07896363bde86b5a79b130c80fb974e408aa8f79c75ec314d9be03c2f9f591af,37,202875,sentinelpath_protected_t,bounded_avc_log
rename_overwrite,60,deny,13,1,1,37,202892,37,202892,07896363bde86b5a79b130c80fb974e408aa8f79c75ec314d9be03c2f9f591af,07896363bde86b5a79b130c80fb974e408aa8f79c75ec314d9be03c2f9f591af,37,202892,sentinelpath_protected_t,bounded_avc_log
rename_overwrite,61,deny,13,1,1,37,202903,37,202903,07896363bde86b5a79b130c80fb974e408aa8f79c75ec314d9be03c2f9f591af,07896363bde86b5a79b130c80fb974e408aa8f79c75ec314d9be03c2f9f591af,37,202903,sentinelpath_protected_t,bounded_avc_log
rename_overwrite,62,deny,13,1,1,37,202920,37,202920,07896363bde86b5a79b130c80fb974e408aa8f79c75ec314d9be03c2f9f591af,07896363bde86b5a79b130c80fb974e408aa8f79c75ec314d9be03c2f9f591af,37,202920,sentinelpath_protected_t,bounded_avc_log
rename_overwrite,63,deny,13,1,1,37,202931,37,202931,07896363bde86b5a79b130c80fb974e408aa8f79c75ec314d9be03c2f9f591af,07896363bde86b5a79b130c80fb974e408aa8f79c75ec314d9be03c2f9f591af,37,202931,sentinelpath_protected_t,bounded_avc_log
rename_overwrite,64,deny,13,1,1,37,202946,37,202946,07896363bde86b5a79b130c80fb974e408aa8f79c75ec314d9be03c2f9f591af,07896363bde86b5a79b130c80fb974e408aa8f79c75ec314d9be03c2f9f591af,37,202946,sentinelpath_protected_t,bounded_avc_log
rename_overwrite,65,deny,13,1,1,37,202962,37,202962,07896363bde86b5a79b130c80fb974e408aa8f79c75ec314d9be03c2f9f591af,07896363bde86b5a79b130c80fb974e408aa8f79c75ec314d9be03c2f9f591af,37,202962,sentinelpath_protected_t,bounded_avc_log
rename_overwrite,66,deny,13,1,1,37,202974,37,202974,07896363bde86b5a79b130c80fb974e408aa8f79c75ec314d9be03c2f9f591af,07896363bde86b5a79b130c80fb974e408aa8f79c75ec314d9be03c2f9f591af,37,202974,sentinelpath_protected_t,bounded_avc_log
rename_overwrite,67,deny,13,1,1,37,202987,37,202987,07896363bde86b5a79b130c80fb974e408aa8f79c75ec314d9be03c2f9f591af,07896363bde86b5a79b130c80fb974e408aa8f79c75ec314d9be03c2f9f591af,37,202987,sentinelpath_protected_t,bounded_avc_log
rename_overwrite,68,deny,13,1,1,37,203003,37,203003,07896363bde86b5a79b130c80fb974e408aa8f79c75ec314d9be03c2f9f591af,07896363bde86b5a79b130c80fb974e408aa8f79c75ec314d9be03c2f9f591af,37,203003,sentinelpath_protected_t,bounded_avc_log
rename_overwrite,69,deny,13,1,1,37,203018,37,203018,07896363bde86b5a79b130c80fb974e408aa8f79c75ec314d9be03c2f9f591af,07896363bde86b5a79b130c80fb974e408aa8f79c75ec314d9be03c2f9f591af,37,203018,sentinelpath_protected_t,bounded_avc_log
rename_overwrite,70,deny,13,1,1,37,203029,37,203029,07896363bde86b5a79b130c80fb974e408aa8f79c75ec314d9be03c2f9f591af,07896363bde86b5a79b130c80fb974e408aa8f79c75ec314d9be03c2f9f591af,37,203029,sentinelpath_protected_t,bounded_avc_log
rename_overwrite,71,deny,13,1,1,37,203046,37,203046,07896363bde86b5a79b130c80fb974e408aa8f79c75ec314d9be03c2f9f591af,07896363bde86b5a79b130c80fb974e408aa8f79c75ec314d9be03c2f9f591af,37,203046,sentinelpath_protected_t,bounded_avc_log
rename_overwrite,72,deny,13,1,1,37,203057,37,203057,07896363bde86b5a79b130c80fb974e408aa8f79c75ec314d9be03c2f9f591af,07896363bde86b5a79b130c80fb974e408aa8f79c75ec314d9be03c2f9f591af,37,203057,sentinelpath_protected_t,bounded_avc_log
rename_overwrite,73,deny,13,1,1,37,203074,37,203074,07896363bde86b5a79b130c80fb974e408aa8f79c75ec314d9be03c2f9f591af,07896363bde86b5a79b130c80fb974e408aa8f79c75ec314d9be03c2f9f591af,37,203074,sentinelpath_protected_t,bounded_avc_log
rename_overwrite,74,deny,13,1,1,37,203085,37,203085,07896363bde86b5a79b130c80fb974e408aa8f79c75ec314d9be03c2f9f591af,07896363bde86b5a79b130c80fb974e408aa8f79c75ec314d9be03c2f9f591af,37,203085,sentinelpath_protected_t,bounded_avc_log
rename_overwrite,75,deny,13,1,1,37,203102,37,203102,07896363bde86b5a79b130c80fb974e408aa8f79c75ec314d9be03c2f9f591af,07896363bde86b5a79b130c80fb974e408aa8f79c75ec314d9be03c2f9f591af,37,203102,sentinelpath_protected_t,bounded_avc_log
rename_overwrite,76,deny,13,1,1,37,203116,37,203116,07896363bde86b5a79b130c80fb974e408aa8f79c75ec314d9be03c2f9f591af,07896363bde86b5a79b130c80fb974e408aa8f79c75ec314d9be03c2f9f591af,37,203116,sentinelpath_protected_t,bounded_avc_log
rename_overwrite,77,deny,13,1,1,37,203129,37,203129,07896363bde86b5a79b130c80fb974e408aa8f79c75ec314d9be03c2f9f591af,07896363bde86b5a79b130c80fb974e408aa8f79c75ec314d9be03c2f9f591af,37,203129,sentinelpath_protected_t,bounded_avc_log
rename_overwrite,78,deny,13,1,1,37,203144,37,203144,07896363bde86b5a79b130c80fb974e408aa8f79c75ec314d9be03c2f9f591af,07896363bde86b5a79b130c80fb974e408aa8f79c75ec314d9be03c2f9f591af,37,203144,sentinelpath_protected_t,bounded_avc_log
rename_overwrite,79,deny,13,1,1,37,203158,37,203158,07896363bde86b5a79b130c80fb974e408aa8f79c75ec314d9be03c2f9f591af,07896363bde86b5a79b130c80fb974e408aa8f79c75ec314d9be03c2f9f591af,37,203158,sentinelpath_protected_t,bounded_avc_log
rename_overwrite,80,deny,13,1,1,37,203172,37,203172,07896363bde86b5a79b130c80fb974e408aa8f79c75ec314d9be03c2f9f591af,07896363bde86b5a79b130c80fb974e408aa8f79c75ec314d9be03c2f9f591af,37,203172,sentinelpath_protected_t,bounded_avc_log
rename_overwrite,81,deny,13,1,1,37,203186,37,203186,07896363bde86b5a79b130c80fb974e408aa8f79c75ec314d9be03c2f9f591af,07896363bde86b5a79b130c80fb974e408aa8f79c75ec314d9be03c2f9f591af,37,203186,sentinelpath_protected_t,bounded_avc_log
rename_overwrite,82,deny,13,1,1,37,203202,37,203202,07896363bde86b5a79b130c80fb974e408aa8f79c75ec314d9be03c2f9f591af,07896363bde86b5a79b130c80fb974e408aa8f79c75ec314d9be03c2f9f591af,37,203202,sentinelpath_protected_t,bounded_avc_log
rename_overwrite,83,deny,13,1,1,37,203215,37,203215,07896363bde86b5a79b130c80fb974e408aa8f79c75ec314d9be03c2f9f591af,07896363bde86b5a79b130c80fb974e408aa8f79c75ec314d9be03c2f9f591af,37,203215,sentinelpath_protected_t,bounded_avc_log
rename_overwrite,84,deny,13,1,1,37,203227,37,203227,07896363bde86b5a79b130c80fb974e408aa8f79c75ec314d9be03c2f9f591af,07896363bde86b5a79b130c80fb974e408aa8f79c75ec314d9be03c2f9f591af,37,203227,sentinelpath_protected_t,bounded_avc_log
rename_overwrite,85,deny,13,1,1,37,203242,37,203242,07896363bde86b5a79b130c80fb974e408aa8f79c75ec314d9be03c2f9f591af,07896363bde86b5a79b130c80fb974e408aa8f79c75ec314d9be03c2f9f591af,37,203242,sentinelpath_protected_t,bounded_avc_log
rename_overwrite,86,deny,13,1,1,37,203257,37,203257,07896363bde86b5a79b130c80fb974e408aa8f79c75ec314d9be03c2f9f591af,07896363bde86b5a79b130c80fb974e408aa8f79c75ec314d9be03c2f9f591af,37,203257,sentinelpath_protected_t,bounded_avc_log
rename_overwrite,87,deny,13,1,1,37,203272,37,203272,07896363bde86b5a79b130c80fb974e408aa8f79c75ec314d9be03c2f9f591af,07896363bde86b5a79b130c80fb974e408aa8f79c75ec314d9be03c2f9f591af,37,203272,sentinelpath_protected_t,bounded_avc_log
rename_overwrite,88,deny,13,1,1,37,203287,37,203287,07896363bde86b5a79b130c80fb974e408aa8f79c75ec314d9be03c2f9f591af,07896363bde86b5a79b130c80fb974e408aa8f79c75ec314d9be03c2f9f591af,37,203287,sentinelpath_protected_t,bounded_avc_log
rename_overwrite,89,deny,13,1,1,37,203300,37,203300,07896363bde86b5a79b130c80fb974e408aa8f79c75ec314d9be03c2f9f591af,07896363bde86b5a79b130c80fb974e408aa8f79c75ec314d9be03c2f9f591af,37,203300,sentinelpath_protected_t,bounded_avc_log
rename_overwrite,90,deny,13,1,1,37,203313,37,203313,07896363bde86b5a79b130c80fb974e408aa8f79c75ec314d9be03c2f9f591af,07896363bde86b5a79b130c80fb974e408aa8f79c75ec314d9be03c2f9f591af,37,203313,sentinelpath_protected_t,bounded_avc_log
rename_overwrite,91,deny,13,1,1,37,203328,37,203328,07896363bde86b5a79b130c80fb974e408aa8f79c75ec314d9be03c2f9f591af,07896363bde86b5a79b130c80fb974e408aa8f79c75ec314d9be03c2f9f591af,37,203328,sentinelpath_protected_t,bounded_avc_log
rename_overwrite,92,deny,13,1,1,37,203341,37,203341,07896363bde86b5a79b130c80fb974e408aa8f79c75ec314d9be03c2f9f591af,07896363bde86b5a79b130c80fb974e408aa8f79c75ec314d9be03c2f9f591af,37,203341,sentinelpath_protected_t,bounded_avc_log
rename_overwrite,93,deny,13,1,1,37,203356,37,203356,07896363bde86b5a79b130c80fb974e408aa8f79c75ec314d9be03c2f9f591af,07896363bde86b5a79b130c80fb974e408aa8f79c75ec314d9be03c2f9f591af,37,203356,sentinelpath_protected_t,bounded_avc_log
rename_overwrite,94,deny,13,1,1,37,203369,37,203369,07896363bde86b5a79b130c80fb974e408aa8f79c75ec314d9be03c2f9f591af,07896363bde86b5a79b130c80fb974e408aa8f79c75ec314d9be03c2f9f591af,37,203369,sentinelpath_protected_t,bounded_avc_log
rename_overwrite,95,deny,13,1,1,37,203385,37,203385,07896363bde86b5a79b130c80fb974e408aa8f79c75ec314d9be03c2f9f591af,07896363bde86b5a79b130c80fb974e408aa8f79c75ec314d9be03c2f9f591af,37,203385,sentinelpath_protected_t,bounded_avc_log
rename_overwrite,96,deny,13,1,1,37,203399,37,203399,07896363bde86b5a79b130c80fb974e408aa8f79c75ec314d9be03c2f9f591af,07896363bde86b5a79b130c80fb974e408aa8f79c75ec314d9be03c2f9f591af,37,203399,sentinelpath_protected_t,bounded_avc_log
rename_overwrite,97,deny,13,1,1,37,203413,37,203413,07896363bde86b5a79b130c80fb974e408aa8f79c75ec314d9be03c2f9f591af,07896363bde86b5a79b130c80fb974e408aa8f79c75ec314d9be03c2f9f591af,37,203413,sentinelpath_protected_t,bounded_avc_log
rename_overwrite,98,deny,13,1,1,37,203427,37,203427,07896363bde86b5a79b130c80fb974e408aa8f79c75ec314d9be03c2f9f591af,07896363bde86b5a79b130c80fb974e408aa8f79c75ec314d9be03c2f9f591af,37,203427,sentinelpath_protected_t,bounded_avc_log
rename_overwrite,99,deny,13,1,1,37,203442,37,203442,07896363bde86b5a79b130c80fb974e408aa8f79c75ec314d9be03c2f9f591af,07896363bde86b5a79b130c80fb974e408aa8f79c75ec314d9be03c2f9f591af,37,203442,sentinelpath_protected_t,bounded_avc_log
rename_overwrite,100,deny,13,1,1,37,203455,37,203455,07896363bde86b5a79b130c80fb974e408aa8f79c75ec314d9be03c2f9f591af,07896363bde86b5a79b130c80fb974e408aa8f79c75ec314d9be03c2f9f591af,37,203455,sentinelpath_protected_t,bounded_avc_log
unlink,1,deny,13,1,1,37,203470,37,203470,07896363bde86b5a79b130c80fb974e408aa8f79c75ec314d9be03c2f9f591af,07896363bde86b5a79b130c80fb974e408aa8f79c75ec314d9be03c2f9f591af,37,203470,sentinelpath_protected_t,bounded_avc_log
unlink,2,deny,13,1,1,37,203484,37,203484,07896363bde86b5a79b130c80fb974e408aa8f79c75ec314d9be03c2f9f591af,07896363bde86b5a79b130c80fb974e408aa8f79c75ec314d9be03c2f9f591af,37,203484,sentinelpath_protected_t,bounded_avc_log
unlink,3,deny,13,1,1,37,203498,37,203498,07896363bde86b5a79b130c80fb974e408aa8f79c75ec314d9be03c2f9f591af,07896363bde86b5a79b130c80fb974e408aa8f79c75ec314d9be03c2f9f591af,37,203498,sentinelpath_protected_t,bounded_avc_log
unlink,4,deny,13,1,1,37,203511,37,203511,07896363bde86b5a79b130c80fb974e408aa8f79c75ec314d9be03c2f9f591af,07896363bde86b5a79b130c80fb974e408aa8f79c75ec314d9be03c2f9f591af,37,203511,sentinelpath_protected_t,bounded_avc_log
unlink,5,deny,13,1,1,37,203527,37,203527,07896363bde86b5a79b130c80fb974e408aa8f79c75ec314d9be03c2f9f591af,07896363bde86b5a79b130c80fb974e408aa8f79c75ec314d9be03c2f9f591af,37,203527,sentinelpath_protected_t,bounded_avc_log
unlink,6,deny,13,1,1,37,203539,37,203539,07896363bde86b5a79b130c80fb974e408aa8f79c75ec314d9be03c2f9f591af,07896363bde86b5a79b130c80fb974e408aa8f79c75ec314d9be03c2f9f591af,37,203539,sentinelpath_protected_t,bounded_avc_log
unlink,7,deny,13,1,1,37,203552,37,203552,07896363bde86b5a79b130c80fb974e408aa8f79c75ec314d9be03c2f9f591af,07896363bde86b5a79b130c80fb974e408aa8f79c75ec314d9be03c2f9f591af,37,203552,sentinelpath_protected_t,bounded_avc_log
unlink,8,deny,13,1,1,37,203568,37,203568,07896363bde86b5a79b130c80fb974e408aa8f79c75ec314d9be03c2f9f591af,07896363bde86b5a79b130c80fb974e408aa8f79c75ec314d9be03c2f9f591af,37,203568,sentinelpath_protected_t,bounded_avc_log
unlink,9,deny,13,1,1,37,203582,37,203582,07896363bde86b5a79b130c80fb974e408aa8f79c75ec314d9be03c2f9f591af,07896363bde86b5a79b130c80fb974e408aa8f79c75ec314d9be03c2f9f591af,37,203582,sentinelpath_protected_t,bounded_avc_log
unlink,10,deny,13,1,1,37,203595,37,203595,07896363bde86b5a79b130c80fb974e408aa8f79c75ec314d9be03c2f9f591af,07896363bde86b5a79b130c80fb974e408aa8f79c75ec314d9be03c2f9f591af,37,203595,sentinelpath_protected_t,bounded_avc_log
unlink,11,deny,13,1,1,37,203611,37,203611,07896363bde86b5a79b130c80fb974e408aa8f79c75ec314d9be03c2f9f591af,07896363bde86b5a79b130c80fb974e408aa8f79c75ec314d9be03c2f9f591af,37,203611,sentinelpath_protected_t,bounded_avc_log
unlink,12,deny,13,1,1,37,203625,37,203625,07896363bde86b5a79b130c80fb974e408aa8f79c75ec314d9be03c2f9f591af,07896363bde86b5a79b130c80fb974e408aa8f79c75ec314d9be03c2f9f591af,37,203625,sentinelpath_protected_t,bounded_avc_log
unlink,13,deny,13,1,1,37,203638,37,203638,07896363bde86b5a79b130c80fb974e408aa8f79c75ec314d9be03c2f9f591af,07896363bde86b5a79b130c80fb974e408aa8f79c75ec314d9be03c2f9f591af,37,203638,sentinelpath_protected_t,bounded_avc_log
unlink,14,deny,13,1,1,37,203653,37,203653,07896363bde86b5a79b130c80fb974e408aa8f79c75ec314d9be03c2f9f591af,07896363bde86b5a79b130c80fb974e408aa8f79c75ec314d9be03c2f9f591af,37,203653,sentinelpath_protected_t,bounded_avc_log
unlink,15,deny,13,1,1,37,203666,37,203666,07896363bde86b5a79b130c80fb974e408aa8f79c75ec314d9be03c2f9f591af,07896363bde86b5a79b130c80fb974e408aa8f79c75ec314d9be03c2f9f591af,37,203666,sentinelpath_protected_t,bounded_avc_log
unlink,16,deny,13,1,1,37,203680,37,203680,07896363bde86b5a79b130c80fb974e408aa8f79c75ec314d9be03c2f9f591af,07896363bde86b5a79b130c80fb974e408aa8f79c75ec314d9be03c2f9f591af,37,203680,sentinelpath_protected_t,bounded_avc_log
unlink,17,deny,13,1,1,37,203696,37,203696,07896363bde86b5a79b130c80fb974e408aa8f79c75ec314d9be03c2f9f591af,07896363bde86b5a79b130c80fb974e408aa8f79c75ec314d9be03c2f9f591af,37,203696,sentinelpath_protected_t,bounded_avc_log
unlink,18,deny,13,1,1,37,203708,37,203708,07896363bde86b5a79b130c80fb974e408aa8f79c75ec314d9be03c2f9f591af,07896363bde86b5a79b130c80fb974e408aa8f79c75ec314d9be03c2f9f591af,37,203708,sentinelpath_protected_t,bounded_avc_log
unlink,19,deny,13,1,1,37,203721,37,203721,07896363bde86b5a79b130c80fb974e408aa8f79c75ec314d9be03c2f9f591af,07896363bde86b5a79b130c80fb974e408aa8f79c75ec314d9be03c2f9f591af,37,203721,sentinelpath_protected_t,bounded_avc_log
unlink,20,deny,13,1,1,37,203728,37,203728,07896363bde86b5a79b130c80fb974e408aa8f79c75ec314d9be03c2f9f591af,07896363bde86b5a79b130c80fb974e408aa8f79c75ec314d9be03c2f9f591af,37,203728,sentinelpath_protected_t,bounded_avc_log
unlink,21,deny,13,1,1,37,203733,37,203733,07896363bde86b5a79b130c80fb974e408aa8f79c75ec314d9be03c2f9f591af,07896363bde86b5a79b130c80fb974e408aa8f79c75ec314d9be03c2f9f591af,37,203733,sentinelpath_protected_t,bounded_avc_log
unlink,22,deny,13,1,1,37,203763,37,203763,07896363bde86b5a79b130c80fb974e408aa8f79c75ec314d9be03c2f9f591af,07896363bde86b5a79b130c80fb974e408aa8f79c75ec314d9be03c2f9f591af,37,203763,sentinelpath_protected_t,bounded_avc_log
unlink,23,deny,13,1,1,37,203779,37,203779,07896363bde86b5a79b130c80fb974e408aa8f79c75ec314d9be03c2f9f591af,07896363bde86b5a79b130c80fb974e408aa8f79c75ec314d9be03c2f9f591af,37,203779,sentinelpath_protected_t,bounded_avc_log
unlink,24,deny,13,1,1,37,203790,37,203790,07896363bde86b5a79b130c80fb974e408aa8f79c75ec314d9be03c2f9f591af,07896363bde86b5a79b130c80fb974e408aa8f79c75ec314d9be03c2f9f591af,37,203790,sentinelpath_protected_t,bounded_avc_log
unlink,25,deny,13,1,1,37,203808,37,203808,07896363bde86b5a79b130c80fb974e408aa8f79c75ec314d9be03c2f9f591af,07896363bde86b5a79b130c80fb974e408aa8f79c75ec314d9be03c2f9f591af,37,203808,sentinelpath_protected_t,bounded_avc_log
unlink,26,deny,13,1,1,37,203819,37,203819,07896363bde86b5a79b130c80fb974e408aa8f79c75ec314d9be03c2f9f591af,07896363bde86b5a79b130c80fb974e408aa8f79c75ec314d9be03c2f9f591af,37,203819,sentinelpath_protected_t,bounded_avc_log
unlink,27,deny,13,1,1,37,203836,37,203836,07896363bde86b5a79b130c80fb974e408aa8f79c75ec314d9be03c2f9f591af,07896363bde86b5a79b130c80fb974e408aa8f79c75ec314d9be03c2f9f591af,37,203836,sentinelpath_protected_t,bounded_avc_log
unlink,28,deny,13,1,1,37,203851,37,203851,07896363bde86b5a79b130c80fb974e408aa8f79c75ec314d9be03c2f9f591af,07896363bde86b5a79b130c80fb974e408aa8f79c75ec314d9be03c2f9f591af,37,203851,sentinelpath_protected_t,bounded_avc_log
unlink,29,deny,13,1,1,37,203859,37,203859,07896363bde86b5a79b130c80fb974e408aa8f79c75ec314d9be03c2f9f591af,07896363bde86b5a79b130c80fb974e408aa8f79c75ec314d9be03c2f9f591af,37,203859,sentinelpath_protected_t,bounded_avc_log
unlink,30,deny,13,1,1,37,203878,37,203878,07896363bde86b5a79b130c80fb974e408aa8f79c75ec314d9be03c2f9f591af,07896363bde86b5a79b130c80fb974e408aa8f79c75ec314d9be03c2f9f591af,37,203878,sentinelpath_protected_t,bounded_avc_log
unlink,31,deny,13,1,1,37,203893,37,203893,07896363bde86b5a79b130c80fb974e408aa8f79c75ec314d9be03c2f9f591af,07896363bde86b5a79b130c80fb974e408aa8f79c75ec314d9be03c2f9f591af,37,203893,sentinelpath_protected_t,bounded_avc_log
unlink,32,deny,13,1,1,37,203906,37,203906,07896363bde86b5a79b130c80fb974e408aa8f79c75ec314d9be03c2f9f591af,07896363bde86b5a79b130c80fb974e408aa8f79c75ec314d9be03c2f9f591af,37,203906,sentinelpath_protected_t,bounded_avc_log
unlink,33,deny,13,1,1,37,203921,37,203921,07896363bde86b5a79b130c80fb974e408aa8f79c75ec314d9be03c2f9f591af,07896363bde86b5a79b130c80fb974e408aa8f79c75ec314d9be03c2f9f591af,37,203921,sentinelpath_protected_t,bounded_avc_log
unlink,34,deny,13,1,1,37,203935,37,203935,07896363bde86b5a79b130c80fb974e408aa8f79c75ec314d9be03c2f9f591af,07896363bde86b5a79b130c80fb974e408aa8f79c75ec314d9be03c2f9f591af,37,203935,sentinelpath_protected_t,bounded_avc_log
unlink,35,deny,13,1,1,37,203949,37,203949,07896363bde86b5a79b130c80fb974e408aa8f79c75ec314d9be03c2f9f591af,07896363bde86b5a79b130c80fb974e408aa8f79c75ec314d9be03c2f9f591af,37,203949,sentinelpath_protected_t,bounded_avc_log
unlink,36,deny,13,1,1,37,203963,37,203963,07896363bde86b5a79b130c80fb974e408aa8f79c75ec314d9be03c2f9f591af,07896363bde86b5a79b130c80fb974e408aa8f79c75ec314d9be03c2f9f591af,37,203963,sentinelpath_protected_t,bounded_avc_log
unlink,37,deny,13,1,1,37,203978,37,203978,07896363bde86b5a79b130c80fb974e408aa8f79c75ec314d9be03c2f9f591af,07896363bde86b5a79b130c80fb974e408aa8f79c75ec314d9be03c2f9f591af,37,203978,sentinelpath_protected_t,bounded_avc_log
unlink,38,deny,13,1,1,37,203991,37,203991,07896363bde86b5a79b130c80fb974e408aa8f79c75ec314d9be03c2f9f591af,07896363bde86b5a79b130c80fb974e408aa8f79c75ec314d9be03c2f9f591af,37,203991,sentinelpath_protected_t,bounded_avc_log
unlink,39,deny,13,1,1,37,204006,37,204006,07896363bde86b5a79b130c80fb974e408aa8f79c75ec314d9be03c2f9f591af,07896363bde86b5a79b130c80fb974e408aa8f79c75ec314d9be03c2f9f591af,37,204006,sentinelpath_protected_t,bounded_avc_log
unlink,40,deny,13,1,1,37,204019,37,204019,07896363bde86b5a79b130c80fb974e408aa8f79c75ec314d9be03c2f9f591af,07896363bde86b5a79b130c80fb974e408aa8f79c75ec314d9be03c2f9f591af,37,204019,sentinelpath_protected_t,bounded_avc_log
unlink,41,deny,13,1,1,37,204034,37,204034,07896363bde86b5a79b130c80fb974e408aa8f79c75ec314d9be03c2f9f591af,07896363bde86b5a79b130c80fb974e408aa8f79c75ec314d9be03c2f9f591af,37,204034,sentinelpath_protected_t,bounded_avc_log
unlink,42,deny,13,1,1,37,204046,37,204046,07896363bde86b5a79b130c80fb974e408aa8f79c75ec314d9be03c2f9f591af,07896363bde86b5a79b130c80fb974e408aa8f79c75ec314d9be03c2f9f591af,37,204046,sentinelpath_protected_t,bounded_avc_log
unlink,43,deny,13,1,1,37,204061,37,204061,07896363bde86b5a79b130c80fb974e408aa8f79c75ec314d9be03c2f9f591af,07896363bde86b5a79b130c80fb974e408aa8f79c75ec314d9be03c2f9f591af,37,204061,sentinelpath_protected_t,bounded_avc_log
unlink,44,deny,13,1,1,37,204075,37,204075,07896363bde86b5a79b130c80fb974e408aa8f79c75ec314d9be03c2f9f591af,07896363bde86b5a79b130c80fb974e408aa8f79c75ec314d9be03c2f9f591af,37,204075,sentinelpath_protected_t,bounded_avc_log
unlink,45,deny,13,1,1,37,204090,37,204090,07896363bde86b5a79b130c80fb974e408aa8f79c75ec314d9be03c2f9f591af,07896363bde86b5a79b130c80fb974e408aa8f79c75ec314d9be03c2f9f591af,37,204090,sentinelpath_protected_t,bounded_avc_log
unlink,46,deny,13,1,1,37,204105,37,204105,07896363bde86b5a79b130c80fb974e408aa8f79c75ec314d9be03c2f9f591af,07896363bde86b5a79b130c80fb974e408aa8f79c75ec314d9be03c2f9f591af,37,204105,sentinelpath_protected_t,bounded_avc_log
unlink,47,deny,13,1,1,37,204117,37,204117,07896363bde86b5a79b130c80fb974e408aa8f79c75ec314d9be03c2f9f591af,07896363bde86b5a79b130c80fb974e408aa8f79c75ec314d9be03c2f9f591af,37,204117,sentinelpath_protected_t,bounded_avc_log
unlink,48,deny,13,1,1,37,204131,37,204131,07896363bde86b5a79b130c80fb974e408aa8f79c75ec314d9be03c2f9f591af,07896363bde86b5a79b130c80fb974e408aa8f79c75ec314d9be03c2f9f591af,37,204131,sentinelpath_protected_t,bounded_avc_log
unlink,49,deny,13,1,1,37,204145,37,204145,07896363bde86b5a79b130c80fb974e408aa8f79c75ec314d9be03c2f9f591af,07896363bde86b5a79b130c80fb974e408aa8f79c75ec314d9be03c2f9f591af,37,204145,sentinelpath_protected_t,bounded_avc_log
unlink,50,deny,13,1,1,37,204160,37,204160,07896363bde86b5a79b130c80fb974e408aa8f79c75ec314d9be03c2f9f591af,07896363bde86b5a79b130c80fb974e408aa8f79c75ec314d9be03c2f9f591af,37,204160,sentinelpath_protected_t,bounded_avc_log
unlink,51,deny,13,1,1,37,204175,37,204175,07896363bde86b5a79b130c80fb974e408aa8f79c75ec314d9be03c2f9f591af,07896363bde86b5a79b130c80fb974e408aa8f79c75ec314d9be03c2f9f591af,37,204175,sentinelpath_protected_t,bounded_avc_log
unlink,52,deny,13,1,1,37,204188,37,204188,07896363bde86b5a79b130c80fb974e408aa8f79c75ec314d9be03c2f9f591af,07896363bde86b5a79b130c80fb974e408aa8f79c75ec314d9be03c2f9f591af,37,204188,sentinelpath_protected_t,bounded_avc_log
unlink,53,deny,13,1,1,37,204202,37,204202,07896363bde86b5a79b130c80fb974e408aa8f79c75ec314d9be03c2f9f591af,07896363bde86b5a79b130c80fb974e408aa8f79c75ec314d9be03c2f9f591af,37,204202,sentinelpath_protected_t,bounded_avc_log
unlink,54,deny,13,1,1,37,204218,37,204218,07896363bde86b5a79b130c80fb974e408aa8f79c75ec314d9be03c2f9f591af,07896363bde86b5a79b130c80fb974e408aa8f79c75ec314d9be03c2f9f591af,37,204218,sentinelpath_protected_t,bounded_avc_log
unlink,55,deny,13,1,1,37,204230,37,204230,07896363bde86b5a79b130c80fb974e408aa8f79c75ec314d9be03c2f9f591af,07896363bde86b5a79b130c80fb974e408aa8f79c75ec314d9be03c2f9f591af,37,204230,sentinelpath_protected_t,bounded_avc_log
unlink,56,deny,13,1,1,37,204245,37,204245,07896363bde86b5a79b130c80fb974e408aa8f79c75ec314d9be03c2f9f591af,07896363bde86b5a79b130c80fb974e408aa8f79c75ec314d9be03c2f9f591af,37,204245,sentinelpath_protected_t,bounded_avc_log
unlink,57,deny,13,1,1,37,204260,37,204260,07896363bde86b5a79b130c80fb974e408aa8f79c75ec314d9be03c2f9f591af,07896363bde86b5a79b130c80fb974e408aa8f79c75ec314d9be03c2f9f591af,37,204260,sentinelpath_protected_t,bounded_avc_log
unlink,58,deny,13,1,1,37,204271,37,204271,07896363bde86b5a79b130c80fb974e408aa8f79c75ec314d9be03c2f9f591af,07896363bde86b5a79b130c80fb974e408aa8f79c75ec314d9be03c2f9f591af,37,204271,sentinelpath_protected_t,bounded_avc_log
unlink,59,deny,13,1,1,37,204287,37,204287,07896363bde86b5a79b130c80fb974e408aa8f79c75ec314d9be03c2f9f591af,07896363bde86b5a79b130c80fb974e408aa8f79c75ec314d9be03c2f9f591af,37,204287,sentinelpath_protected_t,bounded_avc_log
unlink,60,deny,13,1,1,37,204301,37,204301,07896363bde86b5a79b130c80fb974e408aa8f79c75ec314d9be03c2f9f591af,07896363bde86b5a79b130c80fb974e408aa8f79c75ec314d9be03c2f9f591af,37,204301,sentinelpath_protected_t,bounded_avc_log
unlink,61,deny,13,1,1,37,204314,37,204314,07896363bde86b5a79b130c80fb974e408aa8f79c75ec314d9be03c2f9f591af,07896363bde86b5a79b130c80fb974e408aa8f79c75ec314d9be03c2f9f591af,37,204314,sentinelpath_protected_t,bounded_avc_log
unlink,62,deny,13,1,1,37,204328,37,204328,07896363bde86b5a79b130c80fb974e408aa8f79c75ec314d9be03c2f9f591af,07896363bde86b5a79b130c80fb974e408aa8f79c75ec314d9be03c2f9f591af,37,204328,sentinelpath_protected_t,bounded_avc_log
unlink,63,deny,13,1,1,37,204344,37,204344,07896363bde86b5a79b130c80fb974e408aa8f79c75ec314d9be03c2f9f591af,07896363bde86b5a79b130c80fb974e408aa8f79c75ec314d9be03c2f9f591af,37,204344,sentinelpath_protected_t,bounded_avc_log
unlink,64,deny,13,1,1,37,204357,37,204357,07896363bde86b5a79b130c80fb974e408aa8f79c75ec314d9be03c2f9f591af,07896363bde86b5a79b130c80fb974e408aa8f79c75ec314d9be03c2f9f591af,37,204357,sentinelpath_protected_t,bounded_avc_log
unlink,65,deny,13,1,1,37,204371,37,204371,07896363bde86b5a79b130c80fb974e408aa8f79c75ec314d9be03c2f9f591af,07896363bde86b5a79b130c80fb974e408aa8f79c75ec314d9be03c2f9f591af,37,204371,sentinelpath_protected_t,bounded_avc_log
unlink,66,deny,13,1,1,37,204386,37,204386,07896363bde86b5a79b130c80fb974e408aa8f79c75ec314d9be03c2f9f591af,07896363bde86b5a79b130c80fb974e408aa8f79c75ec314d9be03c2f9f591af,37,204386,sentinelpath_protected_t,bounded_avc_log
unlink,67,deny,13,1,1,37,204398,37,204398,07896363bde86b5a79b130c80fb974e408aa8f79c75ec314d9be03c2f9f591af,07896363bde86b5a79b130c80fb974e408aa8f79c75ec314d9be03c2f9f591af,37,204398,sentinelpath_protected_t,bounded_avc_log
unlink,68,deny,13,1,1,37,204415,37,204415,07896363bde86b5a79b130c80fb974e408aa8f79c75ec314d9be03c2f9f591af,07896363bde86b5a79b130c80fb974e408aa8f79c75ec314d9be03c2f9f591af,37,204415,sentinelpath_protected_t,bounded_avc_log
unlink,69,deny,13,1,1,37,204426,37,204426,07896363bde86b5a79b130c80fb974e408aa8f79c75ec314d9be03c2f9f591af,07896363bde86b5a79b130c80fb974e408aa8f79c75ec314d9be03c2f9f591af,37,204426,sentinelpath_protected_t,bounded_avc_log
unlink,70,deny,13,1,1,37,204441,37,204441,07896363bde86b5a79b130c80fb974e408aa8f79c75ec314d9be03c2f9f591af,07896363bde86b5a79b130c80fb974e408aa8f79c75ec314d9be03c2f9f591af,37,204441,sentinelpath_protected_t,bounded_avc_log
unlink,71,deny,13,1,1,37,204456,37,204456,07896363bde86b5a79b130c80fb974e408aa8f79c75ec314d9be03c2f9f591af,07896363bde86b5a79b130c80fb974e408aa8f79c75ec314d9be03c2f9f591af,37,204456,sentinelpath_protected_t,bounded_avc_log
unlink,72,deny,13,1,1,37,204469,37,204469,07896363bde86b5a79b130c80fb974e408aa8f79c75ec314d9be03c2f9f591af,07896363bde86b5a79b130c80fb974e408aa8f79c75ec314d9be03c2f9f591af,37,204469,sentinelpath_protected_t,bounded_avc_log
unlink,73,deny,13,1,1,37,204484,37,204484,07896363bde86b5a79b130c80fb974e408aa8f79c75ec314d9be03c2f9f591af,07896363bde86b5a79b130c80fb974e408aa8f79c75ec314d9be03c2f9f591af,37,204484,sentinelpath_protected_t,bounded_avc_log
unlink,74,deny,13,1,1,37,204497,37,204497,07896363bde86b5a79b130c80fb974e408aa8f79c75ec314d9be03c2f9f591af,07896363bde86b5a79b130c80fb974e408aa8f79c75ec314d9be03c2f9f591af,37,204497,sentinelpath_protected_t,bounded_avc_log
unlink,75,deny,13,1,1,37,204513,37,204513,07896363bde86b5a79b130c80fb974e408aa8f79c75ec314d9be03c2f9f591af,07896363bde86b5a79b130c80fb974e408aa8f79c75ec314d9be03c2f9f591af,37,204513,sentinelpath_protected_t,bounded_avc_log
unlink,76,deny,13,1,1,37,204526,37,204526,07896363bde86b5a79b130c80fb974e408aa8f79c75ec314d9be03c2f9f591af,07896363bde86b5a79b130c80fb974e408aa8f79c75ec314d9be03c2f9f591af,37,204526,sentinelpath_protected_t,bounded_avc_log
unlink,77,deny,13,1,1,37,204540,37,204540,07896363bde86b5a79b130c80fb974e408aa8f79c75ec314d9be03c2f9f591af,07896363bde86b5a79b130c80fb974e408aa8f79c75ec314d9be03c2f9f591af,37,204540,sentinelpath_protected_t,bounded_avc_log
unlink,78,deny,13,1,1,37,204553,37,204553,07896363bde86b5a79b130c80fb974e408aa8f79c75ec314d9be03c2f9f591af,07896363bde86b5a79b130c80fb974e408aa8f79c75ec314d9be03c2f9f591af,37,204553,sentinelpath_protected_t,bounded_avc_log
unlink,79,deny,13,1,1,37,204570,37,204570,07896363bde86b5a79b130c80fb974e408aa8f79c75ec314d9be03c2f9f591af,07896363bde86b5a79b130c80fb974e408aa8f79c75ec314d9be03c2f9f591af,37,204570,sentinelpath_protected_t,bounded_avc_log
unlink,80,deny,13,1,1,37,204581,37,204581,07896363bde86b5a79b130c80fb974e408aa8f79c75ec314d9be03c2f9f591af,07896363bde86b5a79b130c80fb974e408aa8f79c75ec314d9be03c2f9f591af,37,204581,sentinelpath_protected_t,bounded_avc_log
unlink,81,deny,13,1,1,37,204596,37,204596,07896363bde86b5a79b130c80fb974e408aa8f79c75ec314d9be03c2f9f591af,07896363bde86b5a79b130c80fb974e408aa8f79c75ec314d9be03c2f9f591af,37,204596,sentinelpath_protected_t,bounded_avc_log
unlink,82,deny,13,1,1,37,204611,37,204611,07896363bde86b5a79b130c80fb974e408aa8f79c75ec314d9be03c2f9f591af,07896363bde86b5a79b130c80fb974e408aa8f79c75ec314d9be03c2f9f591af,37,204611,sentinelpath_protected_t,bounded_avc_log
unlink,83,deny,13,1,1,37,204622,37,204622,07896363bde86b5a79b130c80fb974e408aa8f79c75ec314d9be03c2f9f591af,07896363bde86b5a79b130c80fb974e408aa8f79c75ec314d9be03c2f9f591af,37,204622,sentinelpath_protected_t,bounded_avc_log
unlink,84,deny,13,1,1,37,204639,37,204639,07896363bde86b5a79b130c80fb974e408aa8f79c75ec314d9be03c2f9f591af,07896363bde86b5a79b130c80fb974e408aa8f79c75ec314d9be03c2f9f591af,37,204639,sentinelpath_protected_t,bounded_avc_log
unlink,85,deny,13,1,1,37,204650,37,204650,07896363bde86b5a79b130c80fb974e408aa8f79c75ec314d9be03c2f9f591af,07896363bde86b5a79b130c80fb974e408aa8f79c75ec314d9be03c2f9f591af,37,204650,sentinelpath_protected_t,bounded_avc_log
unlink,86,deny,13,1,1,37,204661,37,204661,07896363bde86b5a79b130c80fb974e408aa8f79c75ec314d9be03c2f9f591af,07896363bde86b5a79b130c80fb974e408aa8f79c75ec314d9be03c2f9f591af,37,204661,sentinelpath_protected_t,bounded_avc_log
unlink,87,deny,13,1,1,37,204666,37,204666,07896363bde86b5a79b130c80fb974e408aa8f79c75ec314d9be03c2f9f591af,07896363bde86b5a79b130c80fb974e408aa8f79c75ec314d9be03c2f9f591af,37,204666,sentinelpath_protected_t,bounded_avc_log
unlink,88,deny,13,1,1,37,204671,37,204671,07896363bde86b5a79b130c80fb974e408aa8f79c75ec314d9be03c2f9f591af,07896363bde86b5a79b130c80fb974e408aa8f79c75ec314d9be03c2f9f591af,37,204671,sentinelpath_protected_t,bounded_avc_log
unlink,89,deny,13,1,1,37,204678,37,204678,07896363bde86b5a79b130c80fb974e408aa8f79c75ec314d9be03c2f9f591af,07896363bde86b5a79b130c80fb974e408aa8f79c75ec314d9be03c2f9f591af,37,204678,sentinelpath_protected_t,bounded_avc_log
unlink,90,deny,13,1,1,37,204723,37,204723,07896363bde86b5a79b130c80fb974e408aa8f79c75ec314d9be03c2f9f591af,07896363bde86b5a79b130c80fb974e408aa8f79c75ec314d9be03c2f9f591af,37,204723,sentinelpath_protected_t,bounded_avc_log
unlink,91,deny,13,1,1,37,204734,37,204734,07896363bde86b5a79b130c80fb974e408aa8f79c75ec314d9be03c2f9f591af,07896363bde86b5a79b130c80fb974e408aa8f79c75ec314d9be03c2f9f591af,37,204734,sentinelpath_protected_t,bounded_avc_log
unlink,92,deny,13,1,1,37,204752,37,204752,07896363bde86b5a79b130c80fb974e408aa8f79c75ec314d9be03c2f9f591af,07896363bde86b5a79b130c80fb974e408aa8f79c75ec314d9be03c2f9f591af,37,204752,sentinelpath_protected_t,bounded_avc_log
unlink,93,deny,13,1,1,37,204762,37,204762,07896363bde86b5a79b130c80fb974e408aa8f79c75ec314d9be03c2f9f591af,07896363bde86b5a79b130c80fb974e408aa8f79c75ec314d9be03c2f9f591af,37,204762,sentinelpath_protected_t,bounded_avc_log
unlink,94,deny,13,1,1,37,204779,37,204779,07896363bde86b5a79b130c80fb974e408aa8f79c75ec314d9be03c2f9f591af,07896363bde86b5a79b130c80fb974e408aa8f79c75ec314d9be03c2f9f591af,37,204779,sentinelpath_protected_t,bounded_avc_log
unlink,95,deny,13,1,1,37,204791,37,204791,07896363bde86b5a79b130c80fb974e408aa8f79c75ec314d9be03c2f9f591af,07896363bde86b5a79b130c80fb974e408aa8f79c75ec314d9be03c2f9f591af,37,204791,sentinelpath_protected_t,bounded_avc_log
unlink,96,deny,13,1,1,37,204808,37,204808,07896363bde86b5a79b130c80fb974e408aa8f79c75ec314d9be03c2f9f591af,07896363bde86b5a79b130c80fb974e408aa8f79c75ec314d9be03c2f9f591af,37,204808,sentinelpath_protected_t,bounded_avc_log
unlink,97,deny,13,1,1,37,204818,37,204818,07896363bde86b5a79b130c80fb974e408aa8f79c75ec314d9be03c2f9f591af,07896363bde86b5a79b130c80fb974e408aa8f79c75ec314d9be03c2f9f591af,37,204818,sentinelpath_protected_t,bounded_avc_log
unlink,98,deny,13,1,1,37,204836,37,204836,07896363bde86b5a79b130c80fb974e408aa8f79c75ec314d9be03c2f9f591af,07896363bde86b5a79b130c80fb974e408aa8f79c75ec314d9be03c2f9f591af,37,204836,sentinelpath_protected_t,bounded_avc_log
unlink,99,deny,13,1,1,37,204847,37,204847,07896363bde86b5a79b130c80fb974e408aa8f79c75ec314d9be03c2f9f591af,07896363bde86b5a79b130c80fb974e408aa8f79c75ec314d9be03c2f9f591af,37,204847,sentinelpath_protected_t,bounded_avc_log
unlink,100,deny,13,1,1,37,204864,37,204864,07896363bde86b5a79b130c80fb974e408aa8f79c75ec314d9be03c2f9f591af,07896363bde86b5a79b130c80fb974e408aa8f79c75ec314d9be03c2f9f591af,37,204864,sentinelpath_protected_t,bounded_avc_log
protected_read,1,allow,0,1,1,37,204876,37,204876,07896363bde86b5a79b130c80fb974e408aa8f79c75ec314d9be03c2f9f591af,07896363bde86b5a79b130c80fb974e408aa8f79c75ec314d9be03c2f9f591af,37,204876,sentinelpath_protected_t,bounded_avc_log
protected_read,2,allow,0,1,1,37,204892,37,204892,07896363bde86b5a79b130c80fb974e408aa8f79c75ec314d9be03c2f9f591af,07896363bde86b5a79b130c80fb974e408aa8f79c75ec314d9be03c2f9f591af,37,204892,sentinelpath_protected_t,bounded_avc_log
protected_read,3,allow,0,1,1,37,204904,37,204904,07896363bde86b5a79b130c80fb974e408aa8f79c75ec314d9be03c2f9f591af,07896363bde86b5a79b130c80fb974e408aa8f79c75ec314d9be03c2f9f591af,37,204904,sentinelpath_protected_t,bounded_avc_log
protected_read,4,allow,0,1,1,37,204920,37,204920,07896363bde86b5a79b130c80fb974e408aa8f79c75ec314d9be03c2f9f591af,07896363bde86b5a79b130c80fb974e408aa8f79c75ec314d9be03c2f9f591af,37,204920,sentinelpath_protected_t,bounded_avc_log
protected_read,5,allow,0,1,1,37,204932,37,204932,07896363bde86b5a79b130c80fb974e408aa8f79c75ec314d9be03c2f9f591af,07896363bde86b5a79b130c80fb974e408aa8f79c75ec314d9be03c2f9f591af,37,204932,sentinelpath_protected_t,bounded_avc_log
protected_read,6,allow,0,1,1,37,204949,37,204949,07896363bde86b5a79b130c80fb974e408aa8f79c75ec314d9be03c2f9f591af,07896363bde86b5a79b130c80fb974e408aa8f79c75ec314d9be03c2f9f591af,37,204949,sentinelpath_protected_t,bounded_avc_log
protected_read,7,allow,0,1,1,37,204960,37,204960,07896363bde86b5a79b130c80fb974e408aa8f79c75ec314d9be03c2f9f591af,07896363bde86b5a79b130c80fb974e408aa8f79c75ec314d9be03c2f9f591af,37,204960,sentinelpath_protected_t,bounded_avc_log
protected_read,8,allow,0,1,1,37,204977,37,204977,07896363bde86b5a79b130c80fb974e408aa8f79c75ec314d9be03c2f9f591af,07896363bde86b5a79b130c80fb974e408aa8f79c75ec314d9be03c2f9f591af,37,204977,sentinelpath_protected_t,bounded_avc_log
protected_read,9,allow,0,1,1,37,204988,37,204988,07896363bde86b5a79b130c80fb974e408aa8f79c75ec314d9be03c2f9f591af,07896363bde86b5a79b130c80fb974e408aa8f79c75ec314d9be03c2f9f591af,37,204988,sentinelpath_protected_t,bounded_avc_log
protected_read,10,allow,0,1,1,37,205005,37,205005,07896363bde86b5a79b130c80fb974e408aa8f79c75ec314d9be03c2f9f591af,07896363bde86b5a79b130c80fb974e408aa8f79c75ec314d9be03c2f9f591af,37,205005,sentinelpath_protected_t,bounded_avc_log
protected_read,11,allow,0,1,1,37,205016,37,205016,07896363bde86b5a79b130c80fb974e408aa8f79c75ec314d9be03c2f9f591af,07896363bde86b5a79b130c80fb974e408aa8f79c75ec314d9be03c2f9f591af,37,205016,sentinelpath_protected_t,bounded_avc_log
protected_read,12,allow,0,1,1,37,205026,37,205026,07896363bde86b5a79b130c80fb974e408aa8f79c75ec314d9be03c2f9f591af,07896363bde86b5a79b130c80fb974e408aa8f79c75ec314d9be03c2f9f591af,37,205026,sentinelpath_protected_t,bounded_avc_log
protected_read,13,allow,0,1,1,37,205038,37,205038,07896363bde86b5a79b130c80fb974e408aa8f79c75ec314d9be03c2f9f591af,07896363bde86b5a79b130c80fb974e408aa8f79c75ec314d9be03c2f9f591af,37,205038,sentinelpath_protected_t,bounded_avc_log
protected_read,14,allow,0,1,1,37,205062,37,205062,07896363bde86b5a79b130c80fb974e408aa8f79c75ec314d9be03c2f9f591af,07896363bde86b5a79b130c80fb974e408aa8f79c75ec314d9be03c2f9f591af,37,205062,sentinelpath_protected_t,bounded_avc_log
protected_read,15,allow,0,1,1,37,205075,37,205075,07896363bde86b5a79b130c80fb974e408aa8f79c75ec314d9be03c2f9f591af,07896363bde86b5a79b130c80fb974e408aa8f79c75ec314d9be03c2f9f591af,37,205075,sentinelpath_protected_t,bounded_avc_log
protected_read,16,allow,0,1,1,37,205088,37,205088,07896363bde86b5a79b130c80fb974e408aa8f79c75ec314d9be03c2f9f591af,07896363bde86b5a79b130c80fb974e408aa8f79c75ec314d9be03c2f9f591af,37,205088,sentinelpath_protected_t,bounded_avc_log
protected_read,17,allow,0,1,1,37,205104,37,205104,07896363bde86b5a79b130c80fb974e408aa8f79c75ec314d9be03c2f9f591af,07896363bde86b5a79b130c80fb974e408aa8f79c75ec314d9be03c2f9f591af,37,205104,sentinelpath_protected_t,bounded_avc_log
protected_read,18,allow,0,1,1,37,205117,37,205117,07896363bde86b5a79b130c80fb974e408aa8f79c75ec314d9be03c2f9f591af,07896363bde86b5a79b130c80fb974e408aa8f79c75ec314d9be03c2f9f591af,37,205117,sentinelpath_protected_t,bounded_avc_log
protected_read,19,allow,0,1,1,37,205128,37,205128,07896363bde86b5a79b130c80fb974e408aa8f79c75ec314d9be03c2f9f591af,07896363bde86b5a79b130c80fb974e408aa8f79c75ec314d9be03c2f9f591af,37,205128,sentinelpath_protected_t,bounded_avc_log
protected_read,20,allow,0,1,1,37,205144,37,205144,07896363bde86b5a79b130c80fb974e408aa8f79c75ec314d9be03c2f9f591af,07896363bde86b5a79b130c80fb974e408aa8f79c75ec314d9be03c2f9f591af,37,205144,sentinelpath_protected_t,bounded_avc_log
protected_read,21,allow,0,1,1,37,205156,37,205156,07896363bde86b5a79b130c80fb974e408aa8f79c75ec314d9be03c2f9f591af,07896363bde86b5a79b130c80fb974e408aa8f79c75ec314d9be03c2f9f591af,37,205156,sentinelpath_protected_t,bounded_avc_log
protected_read,22,allow,0,1,1,37,205173,37,205173,07896363bde86b5a79b130c80fb974e408aa8f79c75ec314d9be03c2f9f591af,07896363bde86b5a79b130c80fb974e408aa8f79c75ec314d9be03c2f9f591af,37,205173,sentinelpath_protected_t,bounded_avc_log
protected_read,23,allow,0,1,1,37,205186,37,205186,07896363bde86b5a79b130c80fb974e408aa8f79c75ec314d9be03c2f9f591af,07896363bde86b5a79b130c80fb974e408aa8f79c75ec314d9be03c2f9f591af,37,205186,sentinelpath_protected_t,bounded_avc_log
protected_read,24,allow,0,1,1,37,205194,37,205194,07896363bde86b5a79b130c80fb974e408aa8f79c75ec314d9be03c2f9f591af,07896363bde86b5a79b130c80fb974e408aa8f79c75ec314d9be03c2f9f591af,37,205194,sentinelpath_protected_t,bounded_avc_log
protected_read,25,allow,0,1,1,37,205216,37,205216,07896363bde86b5a79b130c80fb974e408aa8f79c75ec314d9be03c2f9f591af,07896363bde86b5a79b130c80fb974e408aa8f79c75ec314d9be03c2f9f591af,37,205216,sentinelpath_protected_t,bounded_avc_log
protected_read,26,allow,0,1,1,37,205228,37,205228,07896363bde86b5a79b130c80fb974e408aa8f79c75ec314d9be03c2f9f591af,07896363bde86b5a79b130c80fb974e408aa8f79c75ec314d9be03c2f9f591af,37,205228,sentinelpath_protected_t,bounded_avc_log
protected_read,27,allow,0,1,1,37,205242,37,205242,07896363bde86b5a79b130c80fb974e408aa8f79c75ec314d9be03c2f9f591af,07896363bde86b5a79b130c80fb974e408aa8f79c75ec314d9be03c2f9f591af,37,205242,sentinelpath_protected_t,bounded_avc_log
protected_read,28,allow,0,1,1,37,205256,37,205256,07896363bde86b5a79b130c80fb974e408aa8f79c75ec314d9be03c2f9f591af,07896363bde86b5a79b130c80fb974e408aa8f79c75ec314d9be03c2f9f591af,37,205256,sentinelpath_protected_t,bounded_avc_log
protected_read,29,allow,0,1,1,37,205272,37,205272,07896363bde86b5a79b130c80fb974e408aa8f79c75ec314d9be03c2f9f591af,07896363bde86b5a79b130c80fb974e408aa8f79c75ec314d9be03c2f9f591af,37,205272,sentinelpath_protected_t,bounded_avc_log
protected_read,30,allow,0,1,1,37,205284,37,205284,07896363bde86b5a79b130c80fb974e408aa8f79c75ec314d9be03c2f9f591af,07896363bde86b5a79b130c80fb974e408aa8f79c75ec314d9be03c2f9f591af,37,205284,sentinelpath_protected_t,bounded_avc_log
protected_read,31,allow,0,1,1,37,205300,37,205300,07896363bde86b5a79b130c80fb974e408aa8f79c75ec314d9be03c2f9f591af,07896363bde86b5a79b130c80fb974e408aa8f79c75ec314d9be03c2f9f591af,37,205300,sentinelpath_protected_t,bounded_avc_log
protected_read,32,allow,0,1,1,37,205313,37,205313,07896363bde86b5a79b130c80fb974e408aa8f79c75ec314d9be03c2f9f591af,07896363bde86b5a79b130c80fb974e408aa8f79c75ec314d9be03c2f9f591af,37,205313,sentinelpath_protected_t,bounded_avc_log
protected_read,33,allow,0,1,1,37,205328,37,205328,07896363bde86b5a79b130c80fb974e408aa8f79c75ec314d9be03c2f9f591af,07896363bde86b5a79b130c80fb974e408aa8f79c75ec314d9be03c2f9f591af,37,205328,sentinelpath_protected_t,bounded_avc_log
protected_read,34,allow,0,1,1,37,205340,37,205340,07896363bde86b5a79b130c80fb974e408aa8f79c75ec314d9be03c2f9f591af,07896363bde86b5a79b130c80fb974e408aa8f79c75ec314d9be03c2f9f591af,37,205340,sentinelpath_protected_t,bounded_avc_log
protected_read,35,allow,0,1,1,37,205356,37,205356,07896363bde86b5a79b130c80fb974e408aa8f79c75ec314d9be03c2f9f591af,07896363bde86b5a79b130c80fb974e408aa8f79c75ec314d9be03c2f9f591af,37,205356,sentinelpath_protected_t,bounded_avc_log
protected_read,36,allow,0,1,1,37,205368,37,205368,07896363bde86b5a79b130c80fb974e408aa8f79c75ec314d9be03c2f9f591af,07896363bde86b5a79b130c80fb974e408aa8f79c75ec314d9be03c2f9f591af,37,205368,sentinelpath_protected_t,bounded_avc_log
protected_read,37,allow,0,1,1,37,205384,37,205384,07896363bde86b5a79b130c80fb974e408aa8f79c75ec314d9be03c2f9f591af,07896363bde86b5a79b130c80fb974e408aa8f79c75ec314d9be03c2f9f591af,37,205384,sentinelpath_protected_t,bounded_avc_log
protected_read,38,allow,0,1,1,37,205394,37,205394,07896363bde86b5a79b130c80fb974e408aa8f79c75ec314d9be03c2f9f591af,07896363bde86b5a79b130c80fb974e408aa8f79c75ec314d9be03c2f9f591af,37,205394,sentinelpath_protected_t,bounded_avc_log
protected_read,39,allow,0,1,1,37,205411,37,205411,07896363bde86b5a79b130c80fb974e408aa8f79c75ec314d9be03c2f9f591af,07896363bde86b5a79b130c80fb974e408aa8f79c75ec314d9be03c2f9f591af,37,205411,sentinelpath_protected_t,bounded_avc_log
protected_read,40,allow,0,1,1,37,205424,37,205424,07896363bde86b5a79b130c80fb974e408aa8f79c75ec314d9be03c2f9f591af,07896363bde86b5a79b130c80fb974e408aa8f79c75ec314d9be03c2f9f591af,37,205424,sentinelpath_protected_t,bounded_avc_log
protected_read,41,allow,0,1,1,37,205439,37,205439,07896363bde86b5a79b130c80fb974e408aa8f79c75ec314d9be03c2f9f591af,07896363bde86b5a79b130c80fb974e408aa8f79c75ec314d9be03c2f9f591af,37,205439,sentinelpath_protected_t,bounded_avc_log
protected_read,42,allow,0,1,1,37,205454,37,205454,07896363bde86b5a79b130c80fb974e408aa8f79c75ec314d9be03c2f9f591af,07896363bde86b5a79b130c80fb974e408aa8f79c75ec314d9be03c2f9f591af,37,205454,sentinelpath_protected_t,bounded_avc_log
protected_read,43,allow,0,1,1,37,205465,37,205465,07896363bde86b5a79b130c80fb974e408aa8f79c75ec314d9be03c2f9f591af,07896363bde86b5a79b130c80fb974e408aa8f79c75ec314d9be03c2f9f591af,37,205465,sentinelpath_protected_t,bounded_avc_log
protected_read,44,allow,0,1,1,37,205481,37,205481,07896363bde86b5a79b130c80fb974e408aa8f79c75ec314d9be03c2f9f591af,07896363bde86b5a79b130c80fb974e408aa8f79c75ec314d9be03c2f9f591af,37,205481,sentinelpath_protected_t,bounded_avc_log
protected_read,45,allow,0,1,1,37,205496,37,205496,07896363bde86b5a79b130c80fb974e408aa8f79c75ec314d9be03c2f9f591af,07896363bde86b5a79b130c80fb974e408aa8f79c75ec314d9be03c2f9f591af,37,205496,sentinelpath_protected_t,bounded_avc_log
protected_read,46,allow,0,1,1,37,205509,37,205509,07896363bde86b5a79b130c80fb974e408aa8f79c75ec314d9be03c2f9f591af,07896363bde86b5a79b130c80fb974e408aa8f79c75ec314d9be03c2f9f591af,37,205509,sentinelpath_protected_t,bounded_avc_log
protected_read,47,allow,0,1,1,37,205524,37,205524,07896363bde86b5a79b130c80fb974e408aa8f79c75ec314d9be03c2f9f591af,07896363bde86b5a79b130c80fb974e408aa8f79c75ec314d9be03c2f9f591af,37,205524,sentinelpath_protected_t,bounded_avc_log
protected_read,48,allow,0,1,1,37,205537,37,205537,07896363bde86b5a79b130c80fb974e408aa8f79c75ec314d9be03c2f9f591af,07896363bde86b5a79b130c80fb974e408aa8f79c75ec314d9be03c2f9f591af,37,205537,sentinelpath_protected_t,bounded_avc_log
protected_read,49,allow,0,1,1,37,205551,37,205551,07896363bde86b5a79b130c80fb974e408aa8f79c75ec314d9be03c2f9f591af,07896363bde86b5a79b130c80fb974e408aa8f79c75ec314d9be03c2f9f591af,37,205551,sentinelpath_protected_t,bounded_avc_log
protected_read,50,allow,0,1,1,37,205562,37,205562,07896363bde86b5a79b130c80fb974e408aa8f79c75ec314d9be03c2f9f591af,07896363bde86b5a79b130c80fb974e408aa8f79c75ec314d9be03c2f9f591af,37,205562,sentinelpath_protected_t,bounded_avc_log
protected_read,51,allow,0,1,1,37,205572,37,205572,07896363bde86b5a79b130c80fb974e408aa8f79c75ec314d9be03c2f9f591af,07896363bde86b5a79b130c80fb974e408aa8f79c75ec314d9be03c2f9f591af,37,205572,sentinelpath_protected_t,bounded_avc_log
protected_read,52,allow,0,1,1,37,205581,37,205581,07896363bde86b5a79b130c80fb974e408aa8f79c75ec314d9be03c2f9f591af,07896363bde86b5a79b130c80fb974e408aa8f79c75ec314d9be03c2f9f591af,37,205581,sentinelpath_protected_t,bounded_avc_log
protected_read,53,allow,0,1,1,37,205586,37,205586,07896363bde86b5a79b130c80fb974e408aa8f79c75ec314d9be03c2f9f591af,07896363bde86b5a79b130c80fb974e408aa8f79c75ec314d9be03c2f9f591af,37,205586,sentinelpath_protected_t,bounded_avc_log
protected_read,54,allow,0,1,1,37,205622,37,205622,07896363bde86b5a79b130c80fb974e408aa8f79c75ec314d9be03c2f9f591af,07896363bde86b5a79b130c80fb974e408aa8f79c75ec314d9be03c2f9f591af,37,205622,sentinelpath_protected_t,bounded_avc_log
protected_read,55,allow,0,1,1,37,205632,37,205632,07896363bde86b5a79b130c80fb974e408aa8f79c75ec314d9be03c2f9f591af,07896363bde86b5a79b130c80fb974e408aa8f79c75ec314d9be03c2f9f591af,37,205632,sentinelpath_protected_t,bounded_avc_log
protected_read,56,allow,0,1,1,37,205648,37,205648,07896363bde86b5a79b130c80fb974e408aa8f79c75ec314d9be03c2f9f591af,07896363bde86b5a79b130c80fb974e408aa8f79c75ec314d9be03c2f9f591af,37,205648,sentinelpath_protected_t,bounded_avc_log
protected_read,57,allow,0,1,1,37,205659,37,205659,07896363bde86b5a79b130c80fb974e408aa8f79c75ec314d9be03c2f9f591af,07896363bde86b5a79b130c80fb974e408aa8f79c75ec314d9be03c2f9f591af,37,205659,sentinelpath_protected_t,bounded_avc_log
protected_read,58,allow,0,1,1,37,205676,37,205676,07896363bde86b5a79b130c80fb974e408aa8f79c75ec314d9be03c2f9f591af,07896363bde86b5a79b130c80fb974e408aa8f79c75ec314d9be03c2f9f591af,37,205676,sentinelpath_protected_t,bounded_avc_log
protected_read,59,allow,0,1,1,37,205689,37,205689,07896363bde86b5a79b130c80fb974e408aa8f79c75ec314d9be03c2f9f591af,07896363bde86b5a79b130c80fb974e408aa8f79c75ec314d9be03c2f9f591af,37,205689,sentinelpath_protected_t,bounded_avc_log
protected_read,60,allow,0,1,1,37,205702,37,205702,07896363bde86b5a79b130c80fb974e408aa8f79c75ec314d9be03c2f9f591af,07896363bde86b5a79b130c80fb974e408aa8f79c75ec314d9be03c2f9f591af,37,205702,sentinelpath_protected_t,bounded_avc_log
protected_read,61,allow,0,1,1,37,205717,37,205717,07896363bde86b5a79b130c80fb974e408aa8f79c75ec314d9be03c2f9f591af,07896363bde86b5a79b130c80fb974e408aa8f79c75ec314d9be03c2f9f591af,37,205717,sentinelpath_protected_t,bounded_avc_log
protected_read,62,allow,0,1,1,37,205732,37,205732,07896363bde86b5a79b130c80fb974e408aa8f79c75ec314d9be03c2f9f591af,07896363bde86b5a79b130c80fb974e408aa8f79c75ec314d9be03c2f9f591af,37,205732,sentinelpath_protected_t,bounded_avc_log
protected_read,63,allow,0,1,1,37,205748,37,205748,07896363bde86b5a79b130c80fb974e408aa8f79c75ec314d9be03c2f9f591af,07896363bde86b5a79b130c80fb974e408aa8f79c75ec314d9be03c2f9f591af,37,205748,sentinelpath_protected_t,bounded_avc_log
protected_read,64,allow,0,1,1,37,205762,37,205762,07896363bde86b5a79b130c80fb974e408aa8f79c75ec314d9be03c2f9f591af,07896363bde86b5a79b130c80fb974e408aa8f79c75ec314d9be03c2f9f591af,37,205762,sentinelpath_protected_t,bounded_avc_log
protected_read,65,allow,0,1,1,37,205773,37,205773,07896363bde86b5a79b130c80fb974e408aa8f79c75ec314d9be03c2f9f591af,07896363bde86b5a79b130c80fb974e408aa8f79c75ec314d9be03c2f9f591af,37,205773,sentinelpath_protected_t,bounded_avc_log
protected_read,66,allow,0,1,1,37,205788,37,205788,07896363bde86b5a79b130c80fb974e408aa8f79c75ec314d9be03c2f9f591af,07896363bde86b5a79b130c80fb974e408aa8f79c75ec314d9be03c2f9f591af,37,205788,sentinelpath_protected_t,bounded_avc_log
protected_read,67,allow,0,1,1,37,205804,37,205804,07896363bde86b5a79b130c80fb974e408aa8f79c75ec314d9be03c2f9f591af,07896363bde86b5a79b130c80fb974e408aa8f79c75ec314d9be03c2f9f591af,37,205804,sentinelpath_protected_t,bounded_avc_log
protected_read,68,allow,0,1,1,37,205817,37,205817,07896363bde86b5a79b130c80fb974e408aa8f79c75ec314d9be03c2f9f591af,07896363bde86b5a79b130c80fb974e408aa8f79c75ec314d9be03c2f9f591af,37,205817,sentinelpath_protected_t,bounded_avc_log
protected_read,69,allow,0,1,1,37,205830,37,205830,07896363bde86b5a79b130c80fb974e408aa8f79c75ec314d9be03c2f9f591af,07896363bde86b5a79b130c80fb974e408aa8f79c75ec314d9be03c2f9f591af,37,205830,sentinelpath_protected_t,bounded_avc_log
protected_read,70,allow,0,1,1,37,205846,37,205846,07896363bde86b5a79b130c80fb974e408aa8f79c75ec314d9be03c2f9f591af,07896363bde86b5a79b130c80fb974e408aa8f79c75ec314d9be03c2f9f591af,37,205846,sentinelpath_protected_t,bounded_avc_log
protected_read,71,allow,0,1,1,37,205860,37,205860,07896363bde86b5a79b130c80fb974e408aa8f79c75ec314d9be03c2f9f591af,07896363bde86b5a79b130c80fb974e408aa8f79c75ec314d9be03c2f9f591af,37,205860,sentinelpath_protected_t,bounded_avc_log
protected_read,72,allow,0,1,1,37,205873,37,205873,07896363bde86b5a79b130c80fb974e408aa8f79c75ec314d9be03c2f9f591af,07896363bde86b5a79b130c80fb974e408aa8f79c75ec314d9be03c2f9f591af,37,205873,sentinelpath_protected_t,bounded_avc_log
protected_read,73,allow,0,1,1,37,205881,37,205881,07896363bde86b5a79b130c80fb974e408aa8f79c75ec314d9be03c2f9f591af,07896363bde86b5a79b130c80fb974e408aa8f79c75ec314d9be03c2f9f591af,37,205881,sentinelpath_protected_t,bounded_avc_log
protected_read,74,allow,0,1,1,37,205887,37,205887,07896363bde86b5a79b130c80fb974e408aa8f79c75ec314d9be03c2f9f591af,07896363bde86b5a79b130c80fb974e408aa8f79c75ec314d9be03c2f9f591af,37,205887,sentinelpath_protected_t,bounded_avc_log
protected_read,75,allow,0,1,1,37,205892,37,205892,07896363bde86b5a79b130c80fb974e408aa8f79c75ec314d9be03c2f9f591af,07896363bde86b5a79b130c80fb974e408aa8f79c75ec314d9be03c2f9f591af,37,205892,sentinelpath_protected_t,bounded_avc_log
protected_read,76,allow,0,1,1,37,205927,37,205927,07896363bde86b5a79b130c80fb974e408aa8f79c75ec314d9be03c2f9f591af,07896363bde86b5a79b130c80fb974e408aa8f79c75ec314d9be03c2f9f591af,37,205927,sentinelpath_protected_t,bounded_avc_log
protected_read,77,allow,0,1,1,37,205943,37,205943,07896363bde86b5a79b130c80fb974e408aa8f79c75ec314d9be03c2f9f591af,07896363bde86b5a79b130c80fb974e408aa8f79c75ec314d9be03c2f9f591af,37,205943,sentinelpath_protected_t,bounded_avc_log
protected_read,78,allow,0,1,1,37,205957,37,205957,07896363bde86b5a79b130c80fb974e408aa8f79c75ec314d9be03c2f9f591af,07896363bde86b5a79b130c80fb974e408aa8f79c75ec314d9be03c2f9f591af,37,205957,sentinelpath_protected_t,bounded_avc_log
protected_read,79,allow,0,1,1,37,205969,37,205969,07896363bde86b5a79b130c80fb974e408aa8f79c75ec314d9be03c2f9f591af,07896363bde86b5a79b130c80fb974e408aa8f79c75ec314d9be03c2f9f591af,37,205969,sentinelpath_protected_t,bounded_avc_log
protected_read,80,allow,0,1,1,37,205984,37,205984,07896363bde86b5a79b130c80fb974e408aa8f79c75ec314d9be03c2f9f591af,07896363bde86b5a79b130c80fb974e408aa8f79c75ec314d9be03c2f9f591af,37,205984,sentinelpath_protected_t,bounded_avc_log
protected_read,81,allow,0,1,1,37,206000,37,206000,07896363bde86b5a79b130c80fb974e408aa8f79c75ec314d9be03c2f9f591af,07896363bde86b5a79b130c80fb974e408aa8f79c75ec314d9be03c2f9f591af,37,206000,sentinelpath_protected_t,bounded_avc_log
protected_read,82,allow,0,1,1,37,206012,37,206012,07896363bde86b5a79b130c80fb974e408aa8f79c75ec314d9be03c2f9f591af,07896363bde86b5a79b130c80fb974e408aa8f79c75ec314d9be03c2f9f591af,37,206012,sentinelpath_protected_t,bounded_avc_log
protected_read,83,allow,0,1,1,37,206027,37,206027,07896363bde86b5a79b130c80fb974e408aa8f79c75ec314d9be03c2f9f591af,07896363bde86b5a79b130c80fb974e408aa8f79c75ec314d9be03c2f9f591af,37,206027,sentinelpath_protected_t,bounded_avc_log
protected_read,84,allow,0,1,1,37,206039,37,206039,07896363bde86b5a79b130c80fb974e408aa8f79c75ec314d9be03c2f9f591af,07896363bde86b5a79b130c80fb974e408aa8f79c75ec314d9be03c2f9f591af,37,206039,sentinelpath_protected_t,bounded_avc_log
protected_read,85,allow,0,1,1,37,206055,37,206055,07896363bde86b5a79b130c80fb974e408aa8f79c75ec314d9be03c2f9f591af,07896363bde86b5a79b130c80fb974e408aa8f79c75ec314d9be03c2f9f591af,37,206055,sentinelpath_protected_t,bounded_avc_log
protected_read,86,allow,0,1,1,37,206067,37,206067,07896363bde86b5a79b130c80fb974e408aa8f79c75ec314d9be03c2f9f591af,07896363bde86b5a79b130c80fb974e408aa8f79c75ec314d9be03c2f9f591af,37,206067,sentinelpath_protected_t,bounded_avc_log
protected_read,87,allow,0,1,1,37,206082,37,206082,07896363bde86b5a79b130c80fb974e408aa8f79c75ec314d9be03c2f9f591af,07896363bde86b5a79b130c80fb974e408aa8f79c75ec314d9be03c2f9f591af,37,206082,sentinelpath_protected_t,bounded_avc_log
protected_read,88,allow,0,1,1,37,206093,37,206093,07896363bde86b5a79b130c80fb974e408aa8f79c75ec314d9be03c2f9f591af,07896363bde86b5a79b130c80fb974e408aa8f79c75ec314d9be03c2f9f591af,37,206093,sentinelpath_protected_t,bounded_avc_log
protected_read,89,allow,0,1,1,37,206110,37,206110,07896363bde86b5a79b130c80fb974e408aa8f79c75ec314d9be03c2f9f591af,07896363bde86b5a79b130c80fb974e408aa8f79c75ec314d9be03c2f9f591af,37,206110,sentinelpath_protected_t,bounded_avc_log
protected_read,90,allow,0,1,1,37,206126,37,206126,07896363bde86b5a79b130c80fb974e408aa8f79c75ec314d9be03c2f9f591af,07896363bde86b5a79b130c80fb974e408aa8f79c75ec314d9be03c2f9f591af,37,206126,sentinelpath_protected_t,bounded_avc_log
protected_read,91,allow,0,1,1,37,206136,37,206136,07896363bde86b5a79b130c80fb974e408aa8f79c75ec314d9be03c2f9f591af,07896363bde86b5a79b130c80fb974e408aa8f79c75ec314d9be03c2f9f591af,37,206136,sentinelpath_protected_t,bounded_avc_log
protected_read,92,allow,0,1,1,37,206153,37,206153,07896363bde86b5a79b130c80fb974e408aa8f79c75ec314d9be03c2f9f591af,07896363bde86b5a79b130c80fb974e408aa8f79c75ec314d9be03c2f9f591af,37,206153,sentinelpath_protected_t,bounded_avc_log
protected_read,93,allow,0,1,1,37,206164,37,206164,07896363bde86b5a79b130c80fb974e408aa8f79c75ec314d9be03c2f9f591af,07896363bde86b5a79b130c80fb974e408aa8f79c75ec314d9be03c2f9f591af,37,206164,sentinelpath_protected_t,bounded_avc_log
protected_read,94,allow,0,1,1,37,206180,37,206180,07896363bde86b5a79b130c80fb974e408aa8f79c75ec314d9be03c2f9f591af,07896363bde86b5a79b130c80fb974e408aa8f79c75ec314d9be03c2f9f591af,37,206180,sentinelpath_protected_t,bounded_avc_log
protected_read,95,allow,0,1,1,37,206196,37,206196,07896363bde86b5a79b130c80fb974e408aa8f79c75ec314d9be03c2f9f591af,07896363bde86b5a79b130c80fb974e408aa8f79c75ec314d9be03c2f9f591af,37,206196,sentinelpath_protected_t,bounded_avc_log
protected_read,96,allow,0,1,1,37,206208,37,206208,07896363bde86b5a79b130c80fb974e408aa8f79c75ec314d9be03c2f9f591af,07896363bde86b5a79b130c80fb974e408aa8f79c75ec314d9be03c2f9f591af,37,206208,sentinelpath_protected_t,bounded_avc_log
protected_read,97,allow,0,1,1,37,206219,37,206219,07896363bde86b5a79b130c80fb974e408aa8f79c75ec314d9be03c2f9f591af,07896363bde86b5a79b130c80fb974e408aa8f79c75ec314d9be03c2f9f591af,37,206219,sentinelpath_protected_t,bounded_avc_log
protected_read,98,allow,0,1,1,37,206224,37,206224,07896363bde86b5a79b130c80fb974e408aa8f79c75ec314d9be03c2f9f591af,07896363bde86b5a79b130c80fb974e408aa8f79c75ec314d9be03c2f9f591af,37,206224,sentinelpath_protected_t,bounded_avc_log
protected_read,99,allow,0,1,1,37,206229,37,206229,07896363bde86b5a79b130c80fb974e408aa8f79c75ec314d9be03c2f9f591af,07896363bde86b5a79b130c80fb974e408aa8f79c75ec314d9be03c2f9f591af,37,206229,sentinelpath_protected_t,bounded_avc_log
protected_read,100,allow,0,1,1,37,206234,37,206234,07896363bde86b5a79b130c80fb974e408aa8f79c75ec314d9be03c2f9f591af,07896363bde86b5a79b130c80fb974e408aa8f79c75ec314d9be03c2f9f591af,37,206234,sentinelpath_protected_t,bounded_avc_log
unrelated_write,1,allow,0,1,1,37,206239,37,206239,07896363bde86b5a79b130c80fb974e408aa8f79c75ec314d9be03c2f9f591af,07896363bde86b5a79b130c80fb974e408aa8f79c75ec314d9be03c2f9f591af,37,206239,sentinelpath_protected_t,bounded_avc_log
unrelated_write,2,allow,0,1,1,37,206292,37,206292,07896363bde86b5a79b130c80fb974e408aa8f79c75ec314d9be03c2f9f591af,07896363bde86b5a79b130c80fb974e408aa8f79c75ec314d9be03c2f9f591af,37,206292,sentinelpath_protected_t,bounded_avc_log
unrelated_write,3,allow,0,1,1,37,206304,37,206304,07896363bde86b5a79b130c80fb974e408aa8f79c75ec314d9be03c2f9f591af,07896363bde86b5a79b130c80fb974e408aa8f79c75ec314d9be03c2f9f591af,37,206304,sentinelpath_protected_t,bounded_avc_log
unrelated_write,4,allow,0,1,1,37,206320,37,206320,07896363bde86b5a79b130c80fb974e408aa8f79c75ec314d9be03c2f9f591af,07896363bde86b5a79b130c80fb974e408aa8f79c75ec314d9be03c2f9f591af,37,206320,sentinelpath_protected_t,bounded_avc_log
unrelated_write,5,allow,0,1,1,37,206334,37,206334,07896363bde86b5a79b130c80fb974e408aa8f79c75ec314d9be03c2f9f591af,07896363bde86b5a79b130c80fb974e408aa8f79c75ec314d9be03c2f9f591af,37,206334,sentinelpath_protected_t,bounded_avc_log
unrelated_write,6,allow,0,1,1,37,206348,37,206348,07896363bde86b5a79b130c80fb974e408aa8f79c75ec314d9be03c2f9f591af,07896363bde86b5a79b130c80fb974e408aa8f79c75ec314d9be03c2f9f591af,37,206348,sentinelpath_protected_t,bounded_avc_log
unrelated_write,7,allow,0,1,1,37,206362,37,206362,07896363bde86b5a79b130c80fb974e408aa8f79c75ec314d9be03c2f9f591af,07896363bde86b5a79b130c80fb974e408aa8f79c75ec314d9be03c2f9f591af,37,206362,sentinelpath_protected_t,bounded_avc_log
unrelated_write,8,allow,0,1,1,37,206378,37,206378,07896363bde86b5a79b130c80fb974e408aa8f79c75ec314d9be03c2f9f591af,07896363bde86b5a79b130c80fb974e408aa8f79c75ec314d9be03c2f9f591af,37,206378,sentinelpath_protected_t,bounded_avc_log
unrelated_write,9,allow,0,1,1,37,206392,37,206392,07896363bde86b5a79b130c80fb974e408aa8f79c75ec314d9be03c2f9f591af,07896363bde86b5a79b130c80fb974e408aa8f79c75ec314d9be03c2f9f591af,37,206392,sentinelpath_protected_t,bounded_avc_log
unrelated_write,10,allow,0,1,1,37,206405,37,206405,07896363bde86b5a79b130c80fb974e408aa8f79c75ec314d9be03c2f9f591af,07896363bde86b5a79b130c80fb974e408aa8f79c75ec314d9be03c2f9f591af,37,206405,sentinelpath_protected_t,bounded_avc_log
unrelated_write,11,allow,0,1,1,37,206419,37,206419,07896363bde86b5a79b130c80fb974e408aa8f79c75ec314d9be03c2f9f591af,07896363bde86b5a79b130c80fb974e408aa8f79c75ec314d9be03c2f9f591af,37,206419,sentinelpath_protected_t,bounded_avc_log
unrelated_write,12,allow,0,1,1,37,206430,37,206430,07896363bde86b5a79b130c80fb974e408aa8f79c75ec314d9be03c2f9f591af,07896363bde86b5a79b130c80fb974e408aa8f79c75ec314d9be03c2f9f591af,37,206430,sentinelpath_protected_t,bounded_avc_log
unrelated_write,13,allow,0,1,1,37,206446,37,206446,07896363bde86b5a79b130c80fb974e408aa8f79c75ec314d9be03c2f9f591af,07896363bde86b5a79b130c80fb974e408aa8f79c75ec314d9be03c2f9f591af,37,206446,sentinelpath_protected_t,bounded_avc_log
unrelated_write,14,allow,0,1,1,37,206462,37,206462,07896363bde86b5a79b130c80fb974e408aa8f79c75ec314d9be03c2f9f591af,07896363bde86b5a79b130c80fb974e408aa8f79c75ec314d9be03c2f9f591af,37,206462,sentinelpath_protected_t,bounded_avc_log
unrelated_write,15,allow,0,1,1,37,206472,37,206472,07896363bde86b5a79b130c80fb974e408aa8f79c75ec314d9be03c2f9f591af,07896363bde86b5a79b130c80fb974e408aa8f79c75ec314d9be03c2f9f591af,37,206472,sentinelpath_protected_t,bounded_avc_log
unrelated_write,16,allow,0,1,1,37,206488,37,206488,07896363bde86b5a79b130c80fb974e408aa8f79c75ec314d9be03c2f9f591af,07896363bde86b5a79b130c80fb974e408aa8f79c75ec314d9be03c2f9f591af,37,206488,sentinelpath_protected_t,bounded_avc_log
unrelated_write,17,allow,0,1,1,37,206503,37,206503,07896363bde86b5a79b130c80fb974e408aa8f79c75ec314d9be03c2f9f591af,07896363bde86b5a79b130c80fb974e408aa8f79c75ec314d9be03c2f9f591af,37,206503,sentinelpath_protected_t,bounded_avc_log
unrelated_write,18,allow,0,1,1,37,206518,37,206518,07896363bde86b5a79b130c80fb974e408aa8f79c75ec314d9be03c2f9f591af,07896363bde86b5a79b130c80fb974e408aa8f79c75ec314d9be03c2f9f591af,37,206518,sentinelpath_protected_t,bounded_avc_log
unrelated_write,19,allow,0,1,1,37,206530,37,206530,07896363bde86b5a79b130c80fb974e408aa8f79c75ec314d9be03c2f9f591af,07896363bde86b5a79b130c80fb974e408aa8f79c75ec314d9be03c2f9f591af,37,206530,sentinelpath_protected_t,bounded_avc_log
unrelated_write,20,allow,0,1,1,37,206546,37,206546,07896363bde86b5a79b130c80fb974e408aa8f79c75ec314d9be03c2f9f591af,07896363bde86b5a79b130c80fb974e408aa8f79c75ec314d9be03c2f9f591af,37,206546,sentinelpath_protected_t,bounded_avc_log
unrelated_write,21,allow,0,1,1,37,206558,37,206558,07896363bde86b5a79b130c80fb974e408aa8f79c75ec314d9be03c2f9f591af,07896363bde86b5a79b130c80fb974e408aa8f79c75ec314d9be03c2f9f591af,37,206558,sentinelpath_protected_t,bounded_avc_log
unrelated_write,22,allow,0,1,1,37,206574,37,206574,07896363bde86b5a79b130c80fb974e408aa8f79c75ec314d9be03c2f9f591af,07896363bde86b5a79b130c80fb974e408aa8f79c75ec314d9be03c2f9f591af,37,206574,sentinelpath_protected_t,bounded_avc_log
unrelated_write,23,allow,0,1,1,37,206585,37,206585,07896363bde86b5a79b130c80fb974e408aa8f79c75ec314d9be03c2f9f591af,07896363bde86b5a79b130c80fb974e408aa8f79c75ec314d9be03c2f9f591af,37,206585,sentinelpath_protected_t,bounded_avc_log
unrelated_write,24,allow,0,1,1,37,206601,37,206601,07896363bde86b5a79b130c80fb974e408aa8f79c75ec314d9be03c2f9f591af,07896363bde86b5a79b130c80fb974e408aa8f79c75ec314d9be03c2f9f591af,37,206601,sentinelpath_protected_t,bounded_avc_log
unrelated_write,25,allow,0,1,1,37,206614,37,206614,07896363bde86b5a79b130c80fb974e408aa8f79c75ec314d9be03c2f9f591af,07896363bde86b5a79b130c80fb974e408aa8f79c75ec314d9be03c2f9f591af,37,206614,sentinelpath_protected_t,bounded_avc_log
unrelated_write,26,allow,0,1,1,37,206628,37,206628,07896363bde86b5a79b130c80fb974e408aa8f79c75ec314d9be03c2f9f591af,07896363bde86b5a79b130c80fb974e408aa8f79c75ec314d9be03c2f9f591af,37,206628,sentinelpath_protected_t,bounded_avc_log
unrelated_write,27,allow,0,1,1,37,206636,37,206636,07896363bde86b5a79b130c80fb974e408aa8f79c75ec314d9be03c2f9f591af,07896363bde86b5a79b130c80fb974e408aa8f79c75ec314d9be03c2f9f591af,37,206636,sentinelpath_protected_t,bounded_avc_log
unrelated_write,28,allow,0,1,1,37,206641,37,206641,07896363bde86b5a79b130c80fb974e408aa8f79c75ec314d9be03c2f9f591af,07896363bde86b5a79b130c80fb974e408aa8f79c75ec314d9be03c2f9f591af,37,206641,sentinelpath_protected_t,bounded_avc_log
unrelated_write,29,allow,0,1,1,37,206646,37,206646,07896363bde86b5a79b130c80fb974e408aa8f79c75ec314d9be03c2f9f591af,07896363bde86b5a79b130c80fb974e408aa8f79c75ec314d9be03c2f9f591af,37,206646,sentinelpath_protected_t,bounded_avc_log
unrelated_write,30,allow,0,1,1,37,206651,37,206651,07896363bde86b5a79b130c80fb974e408aa8f79c75ec314d9be03c2f9f591af,07896363bde86b5a79b130c80fb974e408aa8f79c75ec314d9be03c2f9f591af,37,206651,sentinelpath_protected_t,bounded_avc_log
unrelated_write,31,allow,0,1,1,37,206656,37,206656,07896363bde86b5a79b130c80fb974e408aa8f79c75ec314d9be03c2f9f591af,07896363bde86b5a79b130c80fb974e408aa8f79c75ec314d9be03c2f9f591af,37,206656,sentinelpath_protected_t,bounded_avc_log
unrelated_write,32,allow,0,1,1,37,206661,37,206661,07896363bde86b5a79b130c80fb974e408aa8f79c75ec314d9be03c2f9f591af,07896363bde86b5a79b130c80fb974e408aa8f79c75ec314d9be03c2f9f591af,37,206661,sentinelpath_protected_t,bounded_avc_log
unrelated_write,33,allow,0,1,1,37,206726,37,206726,07896363bde86b5a79b130c80fb974e408aa8f79c75ec314d9be03c2f9f591af,07896363bde86b5a79b130c80fb974e408aa8f79c75ec314d9be03c2f9f591af,37,206726,sentinelpath_protected_t,bounded_avc_log
unrelated_write,34,allow,0,1,1,37,206741,37,206741,07896363bde86b5a79b130c80fb974e408aa8f79c75ec314d9be03c2f9f591af,07896363bde86b5a79b130c80fb974e408aa8f79c75ec314d9be03c2f9f591af,37,206741,sentinelpath_protected_t,bounded_avc_log
unrelated_write,35,allow,0,1,1,37,206755,37,206755,07896363bde86b5a79b130c80fb974e408aa8f79c75ec314d9be03c2f9f591af,07896363bde86b5a79b130c80fb974e408aa8f79c75ec314d9be03c2f9f591af,37,206755,sentinelpath_protected_t,bounded_avc_log
unrelated_write,36,allow,0,1,1,37,206769,37,206769,07896363bde86b5a79b130c80fb974e408aa8f79c75ec314d9be03c2f9f591af,07896363bde86b5a79b130c80fb974e408aa8f79c75ec314d9be03c2f9f591af,37,206769,sentinelpath_protected_t,bounded_avc_log
unrelated_write,37,allow,0,1,1,37,206783,37,206783,07896363bde86b5a79b130c80fb974e408aa8f79c75ec314d9be03c2f9f591af,07896363bde86b5a79b130c80fb974e408aa8f79c75ec314d9be03c2f9f591af,37,206783,sentinelpath_protected_t,bounded_avc_log
unrelated_write,38,allow,0,1,1,37,206797,37,206797,07896363bde86b5a79b130c80fb974e408aa8f79c75ec314d9be03c2f9f591af,07896363bde86b5a79b130c80fb974e408aa8f79c75ec314d9be03c2f9f591af,37,206797,sentinelpath_protected_t,bounded_avc_log
unrelated_write,39,allow,0,1,1,37,206811,37,206811,07896363bde86b5a79b130c80fb974e408aa8f79c75ec314d9be03c2f9f591af,07896363bde86b5a79b130c80fb974e408aa8f79c75ec314d9be03c2f9f591af,37,206811,sentinelpath_protected_t,bounded_avc_log
unrelated_write,40,allow,0,1,1,37,206824,37,206824,07896363bde86b5a79b130c80fb974e408aa8f79c75ec314d9be03c2f9f591af,07896363bde86b5a79b130c80fb974e408aa8f79c75ec314d9be03c2f9f591af,37,206824,sentinelpath_protected_t,bounded_avc_log
unrelated_write,41,allow,0,1,1,37,206840,37,206840,07896363bde86b5a79b130c80fb974e408aa8f79c75ec314d9be03c2f9f591af,07896363bde86b5a79b130c80fb974e408aa8f79c75ec314d9be03c2f9f591af,37,206840,sentinelpath_protected_t,bounded_avc_log
unrelated_write,42,allow,0,1,1,37,206853,37,206853,07896363bde86b5a79b130c80fb974e408aa8f79c75ec314d9be03c2f9f591af,07896363bde86b5a79b130c80fb974e408aa8f79c75ec314d9be03c2f9f591af,37,206853,sentinelpath_protected_t,bounded_avc_log
unrelated_write,43,allow,0,1,1,37,206866,37,206866,07896363bde86b5a79b130c80fb974e408aa8f79c75ec314d9be03c2f9f591af,07896363bde86b5a79b130c80fb974e408aa8f79c75ec314d9be03c2f9f591af,37,206866,sentinelpath_protected_t,bounded_avc_log
unrelated_write,44,allow,0,1,1,37,206880,37,206880,07896363bde86b5a79b130c80fb974e408aa8f79c75ec314d9be03c2f9f591af,07896363bde86b5a79b130c80fb974e408aa8f79c75ec314d9be03c2f9f591af,37,206880,sentinelpath_protected_t,bounded_avc_log
unrelated_write,45,allow,0,1,1,37,206892,37,206892,07896363bde86b5a79b130c80fb974e408aa8f79c75ec314d9be03c2f9f591af,07896363bde86b5a79b130c80fb974e408aa8f79c75ec314d9be03c2f9f591af,37,206892,sentinelpath_protected_t,bounded_avc_log
unrelated_write,46,allow,0,1,1,37,206902,37,206902,07896363bde86b5a79b130c80fb974e408aa8f79c75ec314d9be03c2f9f591af,07896363bde86b5a79b130c80fb974e408aa8f79c75ec314d9be03c2f9f591af,37,206902,sentinelpath_protected_t,bounded_avc_log
unrelated_write,47,allow,0,1,1,37,206910,37,206910,07896363bde86b5a79b130c80fb974e408aa8f79c75ec314d9be03c2f9f591af,07896363bde86b5a79b130c80fb974e408aa8f79c75ec314d9be03c2f9f591af,37,206910,sentinelpath_protected_t,bounded_avc_log
unrelated_write,48,allow,0,1,1,37,206936,37,206936,07896363bde86b5a79b130c80fb974e408aa8f79c75ec314d9be03c2f9f591af,07896363bde86b5a79b130c80fb974e408aa8f79c75ec314d9be03c2f9f591af,37,206936,sentinelpath_protected_t,bounded_avc_log
unrelated_write,49,allow,0,1,1,37,206950,37,206950,07896363bde86b5a79b130c80fb974e408aa8f79c75ec314d9be03c2f9f591af,07896363bde86b5a79b130c80fb974e408aa8f79c75ec314d9be03c2f9f591af,37,206950,sentinelpath_protected_t,bounded_avc_log
unrelated_write,50,allow,0,1,1,37,206964,37,206964,07896363bde86b5a79b130c80fb974e408aa8f79c75ec314d9be03c2f9f591af,07896363bde86b5a79b130c80fb974e408aa8f79c75ec314d9be03c2f9f591af,37,206964,sentinelpath_protected_t,bounded_avc_log
unrelated_write,51,allow,0,1,1,37,206979,37,206979,07896363bde86b5a79b130c80fb974e408aa8f79c75ec314d9be03c2f9f591af,07896363bde86b5a79b130c80fb974e408aa8f79c75ec314d9be03c2f9f591af,37,206979,sentinelpath_protected_t,bounded_avc_log
unrelated_write,52,allow,0,1,1,37,206994,37,206994,07896363bde86b5a79b130c80fb974e408aa8f79c75ec314d9be03c2f9f591af,07896363bde86b5a79b130c80fb974e408aa8f79c75ec314d9be03c2f9f591af,37,206994,sentinelpath_protected_t,bounded_avc_log
unrelated_write,53,allow,0,1,1,37,207007,37,207007,07896363bde86b5a79b130c80fb974e408aa8f79c75ec314d9be03c2f9f591af,07896363bde86b5a79b130c80fb974e408aa8f79c75ec314d9be03c2f9f591af,37,207007,sentinelpath_protected_t,bounded_avc_log
unrelated_write,54,allow,0,1,1,37,207018,37,207018,07896363bde86b5a79b130c80fb974e408aa8f79c75ec314d9be03c2f9f591af,07896363bde86b5a79b130c80fb974e408aa8f79c75ec314d9be03c2f9f591af,37,207018,sentinelpath_protected_t,bounded_avc_log
unrelated_write,55,allow,0,1,1,37,207033,37,207033,07896363bde86b5a79b130c80fb974e408aa8f79c75ec314d9be03c2f9f591af,07896363bde86b5a79b130c80fb974e408aa8f79c75ec314d9be03c2f9f591af,37,207033,sentinelpath_protected_t,bounded_avc_log
unrelated_write,56,allow,0,1,1,37,207048,37,207048,07896363bde86b5a79b130c80fb974e408aa8f79c75ec314d9be03c2f9f591af,07896363bde86b5a79b130c80fb974e408aa8f79c75ec314d9be03c2f9f591af,37,207048,sentinelpath_protected_t,bounded_avc_log
unrelated_write,57,allow,0,1,1,37,207062,37,207062,07896363bde86b5a79b130c80fb974e408aa8f79c75ec314d9be03c2f9f591af,07896363bde86b5a79b130c80fb974e408aa8f79c75ec314d9be03c2f9f591af,37,207062,sentinelpath_protected_t,bounded_avc_log
unrelated_write,58,allow,0,1,1,37,207076,37,207076,07896363bde86b5a79b130c80fb974e408aa8f79c75ec314d9be03c2f9f591af,07896363bde86b5a79b130c80fb974e408aa8f79c75ec314d9be03c2f9f591af,37,207076,sentinelpath_protected_t,bounded_avc_log
unrelated_write,59,allow,0,1,1,37,207090,37,207090,07896363bde86b5a79b130c80fb974e408aa8f79c75ec314d9be03c2f9f591af,07896363bde86b5a79b130c80fb974e408aa8f79c75ec314d9be03c2f9f591af,37,207090,sentinelpath_protected_t,bounded_avc_log
unrelated_write,60,allow,0,1,1,37,207106,37,207106,07896363bde86b5a79b130c80fb974e408aa8f79c75ec314d9be03c2f9f591af,07896363bde86b5a79b130c80fb974e408aa8f79c75ec314d9be03c2f9f591af,37,207106,sentinelpath_protected_t,bounded_avc_log
unrelated_write,61,allow,0,1,1,37,207119,37,207119,07896363bde86b5a79b130c80fb974e408aa8f79c75ec314d9be03c2f9f591af,07896363bde86b5a79b130c80fb974e408aa8f79c75ec314d9be03c2f9f591af,37,207119,sentinelpath_protected_t,bounded_avc_log
unrelated_write,62,allow,0,1,1,37,207133,37,207133,07896363bde86b5a79b130c80fb974e408aa8f79c75ec314d9be03c2f9f591af,07896363bde86b5a79b130c80fb974e408aa8f79c75ec314d9be03c2f9f591af,37,207133,sentinelpath_protected_t,bounded_avc_log
unrelated_write,63,allow,0,1,1,37,207144,37,207144,07896363bde86b5a79b130c80fb974e408aa8f79c75ec314d9be03c2f9f591af,07896363bde86b5a79b130c80fb974e408aa8f79c75ec314d9be03c2f9f591af,37,207144,sentinelpath_protected_t,bounded_avc_log
unrelated_write,64,allow,0,1,1,37,207149,37,207149,07896363bde86b5a79b130c80fb974e408aa8f79c75ec314d9be03c2f9f591af,07896363bde86b5a79b130c80fb974e408aa8f79c75ec314d9be03c2f9f591af,37,207149,sentinelpath_protected_t,bounded_avc_log
unrelated_write,65,allow,0,1,1,37,207155,37,207155,07896363bde86b5a79b130c80fb974e408aa8f79c75ec314d9be03c2f9f591af,07896363bde86b5a79b130c80fb974e408aa8f79c75ec314d9be03c2f9f591af,37,207155,sentinelpath_protected_t,bounded_avc_log
unrelated_write,66,allow,0,1,1,37,207188,37,207188,07896363bde86b5a79b130c80fb974e408aa8f79c75ec314d9be03c2f9f591af,07896363bde86b5a79b130c80fb974e408aa8f79c75ec314d9be03c2f9f591af,37,207188,sentinelpath_protected_t,bounded_avc_log
unrelated_write,67,allow,0,1,1,37,207204,37,207204,07896363bde86b5a79b130c80fb974e408aa8f79c75ec314d9be03c2f9f591af,07896363bde86b5a79b130c80fb974e408aa8f79c75ec314d9be03c2f9f591af,37,207204,sentinelpath_protected_t,bounded_avc_log
unrelated_write,68,allow,0,1,1,37,207216,37,207216,07896363bde86b5a79b130c80fb974e408aa8f79c75ec314d9be03c2f9f591af,07896363bde86b5a79b130c80fb974e408aa8f79c75ec314d9be03c2f9f591af,37,207216,sentinelpath_protected_t,bounded_avc_log
unrelated_write,69,allow,0,1,1,37,207231,37,207231,07896363bde86b5a79b130c80fb974e408aa8f79c75ec314d9be03c2f9f591af,07896363bde86b5a79b130c80fb974e408aa8f79c75ec314d9be03c2f9f591af,37,207231,sentinelpath_protected_t,bounded_avc_log
unrelated_write,70,allow,0,1,1,37,207242,37,207242,07896363bde86b5a79b130c80fb974e408aa8f79c75ec314d9be03c2f9f591af,07896363bde86b5a79b130c80fb974e408aa8f79c75ec314d9be03c2f9f591af,37,207242,sentinelpath_protected_t,bounded_avc_log
unrelated_write,71,allow,0,1,1,37,207258,37,207258,07896363bde86b5a79b130c80fb974e408aa8f79c75ec314d9be03c2f9f591af,07896363bde86b5a79b130c80fb974e408aa8f79c75ec314d9be03c2f9f591af,37,207258,sentinelpath_protected_t,bounded_avc_log
unrelated_write,72,allow,0,1,1,37,207272,37,207272,07896363bde86b5a79b130c80fb974e408aa8f79c75ec314d9be03c2f9f591af,07896363bde86b5a79b130c80fb974e408aa8f79c75ec314d9be03c2f9f591af,37,207272,sentinelpath_protected_t,bounded_avc_log
unrelated_write,73,allow,0,1,1,37,207287,37,207287,07896363bde86b5a79b130c80fb974e408aa8f79c75ec314d9be03c2f9f591af,07896363bde86b5a79b130c80fb974e408aa8f79c75ec314d9be03c2f9f591af,37,207287,sentinelpath_protected_t,bounded_avc_log
unrelated_write,74,allow,0,1,1,37,207301,37,207301,07896363bde86b5a79b130c80fb974e408aa8f79c75ec314d9be03c2f9f591af,07896363bde86b5a79b130c80fb974e408aa8f79c75ec314d9be03c2f9f591af,37,207301,sentinelpath_protected_t,bounded_avc_log
unrelated_write,75,allow,0,1,1,37,207316,37,207316,07896363bde86b5a79b130c80fb974e408aa8f79c75ec314d9be03c2f9f591af,07896363bde86b5a79b130c80fb974e408aa8f79c75ec314d9be03c2f9f591af,37,207316,sentinelpath_protected_t,bounded_avc_log
unrelated_write,76,allow,0,1,1,37,207330,37,207330,07896363bde86b5a79b130c80fb974e408aa8f79c75ec314d9be03c2f9f591af,07896363bde86b5a79b130c80fb974e408aa8f79c75ec314d9be03c2f9f591af,37,207330,sentinelpath_protected_t,bounded_avc_log
unrelated_write,77,allow,0,1,1,37,207343,37,207343,07896363bde86b5a79b130c80fb974e408aa8f79c75ec314d9be03c2f9f591af,07896363bde86b5a79b130c80fb974e408aa8f79c75ec314d9be03c2f9f591af,37,207343,sentinelpath_protected_t,bounded_avc_log
unrelated_write,78,allow,0,1,1,37,207351,37,207351,07896363bde86b5a79b130c80fb974e408aa8f79c75ec314d9be03c2f9f591af,07896363bde86b5a79b130c80fb974e408aa8f79c75ec314d9be03c2f9f591af,37,207351,sentinelpath_protected_t,bounded_avc_log
unrelated_write,79,allow,0,1,1,37,207356,37,207356,07896363bde86b5a79b130c80fb974e408aa8f79c75ec314d9be03c2f9f591af,07896363bde86b5a79b130c80fb974e408aa8f79c75ec314d9be03c2f9f591af,37,207356,sentinelpath_protected_t,bounded_avc_log
unrelated_write,80,allow,0,1,1,37,207361,37,207361,07896363bde86b5a79b130c80fb974e408aa8f79c75ec314d9be03c2f9f591af,07896363bde86b5a79b130c80fb974e408aa8f79c75ec314d9be03c2f9f591af,37,207361,sentinelpath_protected_t,bounded_avc_log
unrelated_write,81,allow,0,1,1,37,207366,37,207366,07896363bde86b5a79b130c80fb974e408aa8f79c75ec314d9be03c2f9f591af,07896363bde86b5a79b130c80fb974e408aa8f79c75ec314d9be03c2f9f591af,37,207366,sentinelpath_protected_t,bounded_avc_log
unrelated_write,82,allow,0,1,1,37,207371,37,207371,07896363bde86b5a79b130c80fb974e408aa8f79c75ec314d9be03c2f9f591af,07896363bde86b5a79b130c80fb974e408aa8f79c75ec314d9be03c2f9f591af,37,207371,sentinelpath_protected_t,bounded_avc_log
unrelated_write,83,allow,0,1,1,37,207376,37,207376,07896363bde86b5a79b130c80fb974e408aa8f79c75ec314d9be03c2f9f591af,07896363bde86b5a79b130c80fb974e408aa8f79c75ec314d9be03c2f9f591af,37,207376,sentinelpath_protected_t,bounded_avc_log
unrelated_write,84,allow,0,1,1,37,207443,37,207443,07896363bde86b5a79b130c80fb974e408aa8f79c75ec314d9be03c2f9f591af,07896363bde86b5a79b130c80fb974e408aa8f79c75ec314d9be03c2f9f591af,37,207443,sentinelpath_protected_t,bounded_avc_log
unrelated_write,85,allow,0,1,1,37,207454,37,207454,07896363bde86b5a79b130c80fb974e408aa8f79c75ec314d9be03c2f9f591af,07896363bde86b5a79b130c80fb974e408aa8f79c75ec314d9be03c2f9f591af,37,207454,sentinelpath_protected_t,bounded_avc_log
unrelated_write,86,allow,0,1,1,37,207470,37,207470,07896363bde86b5a79b130c80fb974e408aa8f79c75ec314d9be03c2f9f591af,07896363bde86b5a79b130c80fb974e408aa8f79c75ec314d9be03c2f9f591af,37,207470,sentinelpath_protected_t,bounded_avc_log
unrelated_write,87,allow,0,1,1,37,207482,37,207482,07896363bde86b5a79b130c80fb974e408aa8f79c75ec314d9be03c2f9f591af,07896363bde86b5a79b130c80fb974e408aa8f79c75ec314d9be03c2f9f591af,37,207482,sentinelpath_protected_t,bounded_avc_log
unrelated_write,88,allow,0,1,1,37,207499,37,207499,07896363bde86b5a79b130c80fb974e408aa8f79c75ec314d9be03c2f9f591af,07896363bde86b5a79b130c80fb974e408aa8f79c75ec314d9be03c2f9f591af,37,207499,sentinelpath_protected_t,bounded_avc_log
unrelated_write,89,allow,0,1,1,37,207510,37,207510,07896363bde86b5a79b130c80fb974e408aa8f79c75ec314d9be03c2f9f591af,07896363bde86b5a79b130c80fb974e408aa8f79c75ec314d9be03c2f9f591af,37,207510,sentinelpath_protected_t,bounded_avc_log
unrelated_write,90,allow,0,1,1,37,207527,37,207527,07896363bde86b5a79b130c80fb974e408aa8f79c75ec314d9be03c2f9f591af,07896363bde86b5a79b130c80fb974e408aa8f79c75ec314d9be03c2f9f591af,37,207527,sentinelpath_protected_t,bounded_avc_log
unrelated_write,91,allow,0,1,1,37,207538,37,207538,07896363bde86b5a79b130c80fb974e408aa8f79c75ec314d9be03c2f9f591af,07896363bde86b5a79b130c80fb974e408aa8f79c75ec314d9be03c2f9f591af,37,207538,sentinelpath_protected_t,bounded_avc_log
unrelated_write,92,allow,0,1,1,37,207555,37,207555,07896363bde86b5a79b130c80fb974e408aa8f79c75ec314d9be03c2f9f591af,07896363bde86b5a79b130c80fb974e408aa8f79c75ec314d9be03c2f9f591af,37,207555,sentinelpath_protected_t,bounded_avc_log
unrelated_write,93,allow,0,1,1,37,207566,37,207566,07896363bde86b5a79b130c80fb974e408aa8f79c75ec314d9be03c2f9f591af,07896363bde86b5a79b130c80fb974e408aa8f79c75ec314d9be03c2f9f591af,37,207566,sentinelpath_protected_t,bounded_avc_log
unrelated_write,94,allow,0,1,1,37,207583,37,207583,07896363bde86b5a79b130c80fb974e408aa8f79c75ec314d9be03c2f9f591af,07896363bde86b5a79b130c80fb974e408aa8f79c75ec314d9be03c2f9f591af,37,207583,sentinelpath_protected_t,bounded_avc_log
unrelated_write,95,allow,0,1,1,37,207594,37,207594,07896363bde86b5a79b130c80fb974e408aa8f79c75ec314d9be03c2f9f591af,07896363bde86b5a79b130c80fb974e408aa8f79c75ec314d9be03c2f9f591af,37,207594,sentinelpath_protected_t,bounded_avc_log
unrelated_write,96,allow,0,1,1,37,207610,37,207610,07896363bde86b5a79b130c80fb974e408aa8f79c75ec314d9be03c2f9f591af,07896363bde86b5a79b130c80fb974e408aa8f79c75ec314d9be03c2f9f591af,37,207610,sentinelpath_protected_t,bounded_avc_log
unrelated_write,97,allow,0,1,1,37,207624,37,207624,07896363bde86b5a79b130c80fb974e408aa8f79c75ec314d9be03c2f9f591af,07896363bde86b5a79b130c80fb974e408aa8f79c75ec314d9be03c2f9f591af,37,207624,sentinelpath_protected_t,bounded_avc_log
unrelated_write,98,allow,0,1,1,37,207638,37,207638,07896363bde86b5a79b130c80fb974e408aa8f79c75ec314d9be03c2f9f591af,07896363bde86b5a79b130c80fb974e408aa8f79c75ec314d9be03c2f9f591af,37,207638,sentinelpath_protected_t,bounded_avc_log
unrelated_write,99,allow,0,1,1,37,207652,37,207652,07896363bde86b5a79b130c80fb974e408aa8f79c75ec314d9be03c2f9f591af,07896363bde86b5a79b130c80fb974e408aa8f79c75ec314d9be03c2f9f591af,37,207652,sentinelpath_protected_t,bounded_avc_log
unrelated_write,100,allow,0,1,1,37,207666,37,207666,07896363bde86b5a79b130c80fb974e408aa8f79c75ec314d9be03c2f9f591af,07896363bde86b5a79b130c80fb974e408aa8f79c75ec314d9be03c2f9f591af,37,207666,sentinelpath_protected_t,bounded_avc_log
